-- MySQL dump 10.13  Distrib 8.0.23, for Win64 (x86_64)
--
-- Host: localhost    Database: aict_str_smartfarm
-- ------------------------------------------------------
-- Server version	8.0.23

/*!40101 SET @OLD_CHARACTER_SET_CLIENT=@@CHARACTER_SET_CLIENT */;
/*!40101 SET @OLD_CHARACTER_SET_RESULTS=@@CHARACTER_SET_RESULTS */;
/*!40101 SET @OLD_COLLATION_CONNECTION=@@COLLATION_CONNECTION */;
/*!50503 SET NAMES utf8 */;
/*!40103 SET @OLD_TIME_ZONE=@@TIME_ZONE */;
/*!40103 SET TIME_ZONE='+00:00' */;
/*!40014 SET @OLD_UNIQUE_CHECKS=@@UNIQUE_CHECKS, UNIQUE_CHECKS=0 */;
/*!40014 SET @OLD_FOREIGN_KEY_CHECKS=@@FOREIGN_KEY_CHECKS, FOREIGN_KEY_CHECKS=0 */;
/*!40101 SET @OLD_SQL_MODE=@@SQL_MODE, SQL_MODE='NO_AUTO_VALUE_ON_ZERO' */;
/*!40111 SET @OLD_SQL_NOTES=@@SQL_NOTES, SQL_NOTES=0 */;

--
-- Table structure for table `auth_group`
--

DROP TABLE IF EXISTS `auth_group`;
/*!40101 SET @saved_cs_client     = @@character_set_client */;
/*!50503 SET character_set_client = utf8mb4 */;
CREATE TABLE `auth_group` (
  `id` int NOT NULL AUTO_INCREMENT,
  `name` varchar(150) NOT NULL,
  PRIMARY KEY (`id`),
  UNIQUE KEY `name` (`name`)
) ENGINE=InnoDB DEFAULT CHARSET=utf8mb4 COLLATE=utf8mb4_0900_ai_ci;
/*!40101 SET character_set_client = @saved_cs_client */;

--
-- Dumping data for table `auth_group`
--

LOCK TABLES `auth_group` WRITE;
/*!40000 ALTER TABLE `auth_group` DISABLE KEYS */;
/*!40000 ALTER TABLE `auth_group` ENABLE KEYS */;
UNLOCK TABLES;

--
-- Table structure for table `auth_group_permissions`
--

DROP TABLE IF EXISTS `auth_group_permissions`;
/*!40101 SET @saved_cs_client     = @@character_set_client */;
/*!50503 SET character_set_client = utf8mb4 */;
CREATE TABLE `auth_group_permissions` (
  `id` bigint NOT NULL AUTO_INCREMENT,
  `group_id` int NOT NULL,
  `permission_id` int NOT NULL,
  PRIMARY KEY (`id`),
  UNIQUE KEY `auth_group_permissions_group_id_permission_id_0cd325b0_uniq` (`group_id`,`permission_id`),
  KEY `auth_group_permissio_permission_id_84c5c92e_fk_auth_perm` (`permission_id`),
  CONSTRAINT `auth_group_permissio_permission_id_84c5c92e_fk_auth_perm` FOREIGN KEY (`permission_id`) REFERENCES `auth_permission` (`id`),
  CONSTRAINT `auth_group_permissions_group_id_b120cbf9_fk_auth_group_id` FOREIGN KEY (`group_id`) REFERENCES `auth_group` (`id`)
) ENGINE=InnoDB DEFAULT CHARSET=utf8mb4 COLLATE=utf8mb4_0900_ai_ci;
/*!40101 SET character_set_client = @saved_cs_client */;

--
-- Dumping data for table `auth_group_permissions`
--

LOCK TABLES `auth_group_permissions` WRITE;
/*!40000 ALTER TABLE `auth_group_permissions` DISABLE KEYS */;
/*!40000 ALTER TABLE `auth_group_permissions` ENABLE KEYS */;
UNLOCK TABLES;

--
-- Table structure for table `auth_permission`
--

DROP TABLE IF EXISTS `auth_permission`;
/*!40101 SET @saved_cs_client     = @@character_set_client */;
/*!50503 SET character_set_client = utf8mb4 */;
CREATE TABLE `auth_permission` (
  `id` int NOT NULL AUTO_INCREMENT,
  `name` varchar(255) NOT NULL,
  `content_type_id` int NOT NULL,
  `codename` varchar(100) NOT NULL,
  PRIMARY KEY (`id`),
  UNIQUE KEY `auth_permission_content_type_id_codename_01ab375a_uniq` (`content_type_id`,`codename`),
  CONSTRAINT `auth_permission_content_type_id_2f476e4b_fk_django_co` FOREIGN KEY (`content_type_id`) REFERENCES `django_content_type` (`id`)
) ENGINE=InnoDB AUTO_INCREMENT=41 DEFAULT CHARSET=utf8mb4 COLLATE=utf8mb4_0900_ai_ci;
/*!40101 SET character_set_client = @saved_cs_client */;

--
-- Dumping data for table `auth_permission`
--

LOCK TABLES `auth_permission` WRITE;
/*!40000 ALTER TABLE `auth_permission` DISABLE KEYS */;
INSERT INTO `auth_permission` VALUES (1,'Can add file upload model',1,'add_fileuploadmodel'),(2,'Can change file upload model',1,'change_fileuploadmodel'),(3,'Can delete file upload model',1,'delete_fileuploadmodel'),(4,'Can view file upload model',1,'view_fileuploadmodel'),(5,'Can add log entry',2,'add_logentry'),(6,'Can change log entry',2,'change_logentry'),(7,'Can delete log entry',2,'delete_logentry'),(8,'Can view log entry',2,'view_logentry'),(9,'Can add permission',3,'add_permission'),(10,'Can change permission',3,'change_permission'),(11,'Can delete permission',3,'delete_permission'),(12,'Can view permission',3,'view_permission'),(13,'Can add group',4,'add_group'),(14,'Can change group',4,'change_group'),(15,'Can delete group',4,'delete_group'),(16,'Can view group',4,'view_group'),(17,'Can add user',5,'add_user'),(18,'Can change user',5,'change_user'),(19,'Can delete user',5,'delete_user'),(20,'Can view user',5,'view_user'),(21,'Can add content type',6,'add_contenttype'),(22,'Can change content type',6,'change_contenttype'),(23,'Can delete content type',6,'delete_contenttype'),(24,'Can view content type',6,'view_contenttype'),(25,'Can add session',7,'add_session'),(26,'Can change session',7,'change_session'),(27,'Can delete session',7,'delete_session'),(28,'Can view session',7,'view_session'),(29,'Can add user',8,'add_user'),(30,'Can change user',8,'change_user'),(31,'Can delete user',8,'delete_user'),(32,'Can view user',8,'view_user'),(33,'Can add input value model',9,'add_inputvaluemodel'),(34,'Can change input value model',9,'change_inputvaluemodel'),(35,'Can delete input value model',9,'delete_inputvaluemodel'),(36,'Can view input value model',9,'view_inputvaluemodel'),(37,'Can add phone number regex',10,'add_phonenumberregex'),(38,'Can change phone number regex',10,'change_phonenumberregex'),(39,'Can delete phone number regex',10,'delete_phonenumberregex'),(40,'Can view phone number regex',10,'view_phonenumberregex');
/*!40000 ALTER TABLE `auth_permission` ENABLE KEYS */;
UNLOCK TABLES;

--
-- Table structure for table `auth_user`
--

DROP TABLE IF EXISTS `auth_user`;
/*!40101 SET @saved_cs_client     = @@character_set_client */;
/*!50503 SET character_set_client = utf8mb4 */;
CREATE TABLE `auth_user` (
  `id` int NOT NULL AUTO_INCREMENT,
  `password` varchar(128) NOT NULL,
  `last_login` datetime(6) DEFAULT NULL,
  `is_superuser` tinyint(1) NOT NULL,
  `username` varchar(150) NOT NULL,
  `first_name` varchar(150) NOT NULL,
  `last_name` varchar(150) NOT NULL,
  `email` varchar(254) NOT NULL,
  `is_staff` tinyint(1) NOT NULL,
  `is_active` tinyint(1) NOT NULL,
  `date_joined` datetime(6) NOT NULL,
  PRIMARY KEY (`id`),
  UNIQUE KEY `username` (`username`)
) ENGINE=InnoDB DEFAULT CHARSET=utf8mb4 COLLATE=utf8mb4_0900_ai_ci;
/*!40101 SET character_set_client = @saved_cs_client */;

--
-- Dumping data for table `auth_user`
--

LOCK TABLES `auth_user` WRITE;
/*!40000 ALTER TABLE `auth_user` DISABLE KEYS */;
/*!40000 ALTER TABLE `auth_user` ENABLE KEYS */;
UNLOCK TABLES;

--
-- Table structure for table `auth_user_groups`
--

DROP TABLE IF EXISTS `auth_user_groups`;
/*!40101 SET @saved_cs_client     = @@character_set_client */;
/*!50503 SET character_set_client = utf8mb4 */;
CREATE TABLE `auth_user_groups` (
  `id` bigint NOT NULL AUTO_INCREMENT,
  `user_id` int NOT NULL,
  `group_id` int NOT NULL,
  PRIMARY KEY (`id`),
  UNIQUE KEY `auth_user_groups_user_id_group_id_94350c0c_uniq` (`user_id`,`group_id`),
  KEY `auth_user_groups_group_id_97559544_fk_auth_group_id` (`group_id`),
  CONSTRAINT `auth_user_groups_group_id_97559544_fk_auth_group_id` FOREIGN KEY (`group_id`) REFERENCES `auth_group` (`id`),
  CONSTRAINT `auth_user_groups_user_id_6a12ed8b_fk_auth_user_id` FOREIGN KEY (`user_id`) REFERENCES `auth_user` (`id`)
) ENGINE=InnoDB DEFAULT CHARSET=utf8mb4 COLLATE=utf8mb4_0900_ai_ci;
/*!40101 SET character_set_client = @saved_cs_client */;

--
-- Dumping data for table `auth_user_groups`
--

LOCK TABLES `auth_user_groups` WRITE;
/*!40000 ALTER TABLE `auth_user_groups` DISABLE KEYS */;
/*!40000 ALTER TABLE `auth_user_groups` ENABLE KEYS */;
UNLOCK TABLES;

--
-- Table structure for table `auth_user_user_permissions`
--

DROP TABLE IF EXISTS `auth_user_user_permissions`;
/*!40101 SET @saved_cs_client     = @@character_set_client */;
/*!50503 SET character_set_client = utf8mb4 */;
CREATE TABLE `auth_user_user_permissions` (
  `id` bigint NOT NULL AUTO_INCREMENT,
  `user_id` int NOT NULL,
  `permission_id` int NOT NULL,
  PRIMARY KEY (`id`),
  UNIQUE KEY `auth_user_user_permissions_user_id_permission_id_14a6b632_uniq` (`user_id`,`permission_id`),
  KEY `auth_user_user_permi_permission_id_1fbb5f2c_fk_auth_perm` (`permission_id`),
  CONSTRAINT `auth_user_user_permi_permission_id_1fbb5f2c_fk_auth_perm` FOREIGN KEY (`permission_id`) REFERENCES `auth_permission` (`id`),
  CONSTRAINT `auth_user_user_permissions_user_id_a95ead1b_fk_auth_user_id` FOREIGN KEY (`user_id`) REFERENCES `auth_user` (`id`)
) ENGINE=InnoDB DEFAULT CHARSET=utf8mb4 COLLATE=utf8mb4_0900_ai_ci;
/*!40101 SET character_set_client = @saved_cs_client */;

--
-- Dumping data for table `auth_user_user_permissions`
--

LOCK TABLES `auth_user_user_permissions` WRITE;
/*!40000 ALTER TABLE `auth_user_user_permissions` DISABLE KEYS */;
/*!40000 ALTER TABLE `auth_user_user_permissions` ENABLE KEYS */;
UNLOCK TABLES;

--
-- Table structure for table `best_farm_mean`
--

DROP TABLE IF EXISTS `best_farm_mean`;
/*!40101 SET @saved_cs_client     = @@character_set_client */;
/*!50503 SET character_set_client = utf8mb4 */;
CREATE TABLE `best_farm_mean` (
  `week` int NOT NULL,
  `date` datetime NOT NULL,
  `inTemp` double NOT NULL,
  `outTemp` double NOT NULL,
  `inHum` double NOT NULL,
  `inCO2` double NOT NULL,
  `acInso` double NOT NULL,
  `nsEC` double NOT NULL,
  `nspH` double NOT NULL,
  `nsWeek` double NOT NULL,
  `best_farm_meancol` double NOT NULL,
  `pllnLt` double NOT NULL,
  `lefCunt` double NOT NULL,
  `lefLt` double NOT NULL,
  `lefBt` double NOT NULL,
  `lefstalklt` double NOT NULL,
  `tcdmt` double NOT NULL,
  `flwrCo` double NOT NULL,
  PRIMARY KEY (`week`)
) ENGINE=InnoDB DEFAULT CHARSET=utf8mb4 COLLATE=utf8mb4_0900_ai_ci;
/*!40101 SET character_set_client = @saved_cs_client */;

--
-- Dumping data for table `best_farm_mean`
--

LOCK TABLES `best_farm_mean` WRITE;
/*!40000 ALTER TABLE `best_farm_mean` DISABLE KEYS */;
INSERT INTO `best_farm_mean` VALUES (1,'2017-09-03 00:00:00',22.4924172478559,20.9466455708333,88.3270916686718,410.692639057378,2023.91666666666,0.495056747599999,6.40450919839999,185.473684212,0,0,0,0,0,0,0,0),(2,'2017-09-10 00:00:00',22.2764912098529,20.7724891720317,86.0152972421035,415.243986321652,1380.72619047619,0.664814468187301,6.16034408612698,269.279798599047,0,0,0,0,0,0,0,0),(3,'2017-09-17 00:00:00',22.2278348173992,20.7293251502915,86.2033915522075,421.334075470473,1730.175,0.830198915607143,6.00722177581429,234.637548264857,23.9666666666667,4.33333333333333,6.86666666666667,5.16666666666667,13.075,1.13066666666667,0,0),(4,'2017-09-24 00:00:00',22.0852719757774,20.5043351828397,90.5160647530276,432.525286347702,1631.92857142857,0.829324033455357,5.96208090441964,263.80205984475,31.6166666666667,5.39583333333333,7.42291666666667,5.76666666666667,10.9458333333333,1.44085416666667,0,0),(5,'2017-10-01 00:00:00',20.2729306350639,18.5411895651885,86.721759910727,435.15650692717,1290.21428571428,0.843313016428571,5.96932444422321,186.601054199375,30.0833333333333,6.3125,8.92708333333333,7.325,10.6625,1.36445833333333,0,0),(6,'2017-10-08 00:00:00',19.4957201202605,17.5766551592307,87.2380500947245,442.58870330067,1201.96428571428,0.91317055010119,5.98188272854166,178.288614072619,30.2989583333333,6.71875,10.2583333333333,8.53020833333333,11.303125,1.4623125,0.25,0),(7,'2017-10-15 00:00:00',17.5350707659241,15.1241216798429,82.8455397880136,462.075338613206,1110.96428571428,1.00319835196726,6.01247552269643,187.467065042321,28.421875,6.84375,11.85,9.78333333333333,12.2583333333333,1.53952083333333,0,0),(8,'2017-10-22 00:00:00',16.5943194534902,14.2098140976218,78.7439971295902,448.9716598454,1209.64285714286,1.06162669428571,5.90316366671428,196.658050773571,29.915625,6.58333333333333,12.4958333333333,10.4729166666667,13.6854166666667,1.59945833333333,11.25,1.125),(9,'2017-10-29 00:00:00',15.9680122348857,12.2296465795709,80.5579609879768,496.260311109912,1142.15,1.01457263839285,5.83923229510714,189.092773563571,31.2885416666667,6.51041666666667,13.5625,11.0697916666667,15.5239583333333,1.76636458333333,11.04375,2.68125),(10,'2017-11-05 00:00:00',14.5134633708702,8.25165092752064,81.7543098026209,495.429028007013,1083.10714285714,1.07151579973809,5.84409042407142,155.797508372142,32.4302083333333,6.70833333333333,13.15,10.4552083333333,15.3958333333333,1.807625,10.875,5.10416666666667),(11,'2017-11-12 00:00:00',14.3455845959567,8.12978673351915,83.4512308386367,497.503991693057,987.535714285712,1.15000926085714,5.79472169503571,193.211958478928,33.6385416666667,7.05208333333333,12.9114583333333,10.3270833333333,16.2229166666667,1.85045833333333,11.28125,6.625),(12,'2017-11-19 00:00:00',12.8130050600062,4.27677759403428,85.7916537978278,488.81962743047,882.178571428571,1.14815377555357,5.79729909496428,161.846584977262,34.3364583333333,7.14583333333333,12.584375,9.940625,17.1375,1.82921875,15.5,7.54166666666667),(13,'2017-11-26 00:00:00',12.2778204968531,3.53738582754419,87.7276647327859,508.056866578034,732.267857142857,1.1507795706369,5.78914216875,149.297613709523,34.9803571428571,6.96428571428572,11.8209821428571,9.23616071428571,17.3125,1.86503571428572,10.78125,9.11458333333333),(14,'2017-12-03 00:00:00',12.8952460368452,1.95718922193019,87.4395498743331,501.94111262289,863,1.11698394096428,5.806808296,166.135083726785,35.2191964285714,7.35267857142857,10.5013392857143,8.46919642857143,16.3642857142857,1.89795089285714,11.40625,9.3125),(15,'2017-12-10 00:00:00',12.8086222738208,1.90632414551496,88.5553146852879,496.333737980816,722.214285714286,1.21235901367857,5.80021960903571,125.390358731428,35.228125,7.78125,9.703125,7.796875,15.478125,1.9059375,12.96875,9.40625),(16,'2017-12-17 00:00:00',12.18590314595,-2.11515119999058,86.9447187658297,498.940645298261,779.244047619047,1.1628452735,5.79909657264285,118.770015041786,39.6083333333333,7.66666666666667,9.59583333333333,7.57083333333333,16.9958333333333,1.863375,17.875,10.25),(17,'2017-12-24 00:00:00',12.5522839759317,1.10319725881167,90.45705138695,525.987274331838,681.321428571428,1.21260288371428,5.82474181121428,117.260273625,39.0083333333333,8.04166666666667,9.25,7.4,17.5916666666667,1.83275,20.2916666666667,9.5),(18,'2017-12-31 00:00:00',11.8823422661841,-0.324592958546422,90.2569045911591,534.167249390909,679.119047619047,1.16709593486548,5.86740903125714,121.469015201048,39.65,8.375,9.325,7.38333333333333,17.2208333333333,1.876875,18.25,7.10714285714286),(19,'2018-01-07 00:00:00',12.5571265038661,-0.212493640490005,87.802524893852,534.965666815722,743.315476190476,1.07018518084286,5.8476210499375,154.253086261875,24.1571428571429,8.42857142857143,7.37142857142857,5.74285714285714,9.24857142857143,2.09685714285714,2.25,4),(20,'2018-01-14 00:00:00',12.6888704221076,-3.63698477567574,86.8881363384815,541.016406643693,884.803571428571,1.02274451778571,5.87108748560714,133.206981015357,24.4333333333333,10,6.28333333333333,5.15,7.76666666666667,2.09616666666667,2.5,5),(21,'2018-01-21 00:00:00',13.1347878310999,1.07106074057206,86.8036085478822,552.730520347618,782.363095238094,1.07864505081905,5.90387205806071,129.581984039047,32.9035714285714,9.04910714285715,7.44821428571429,6.01160714285714,12.8875,1.95464732142857,14.6875,8.55208333333333),(22,'2018-01-28 00:00:00',12.5925318960702,-5.08039299625468,82.2924112573666,521.993923310114,1080.14285714285,1.09141123117857,5.92450246346428,131.490446071786,32.9778273809524,9.18601190476191,7.50119047619048,6.0703869047619,13.0916666666667,1.96671428571429,13.3645833333333,8.44791666666667),(23,'2018-02-04 00:00:00',12.8373211674046,-2.69273468618302,82.350326611658,503.391202003968,1106.5,1.04706231641666,5.91796842798809,141.728499570952,31.1052083333333,8.04166666666667,7.52604166666667,6.11354166666667,12.6364583333333,1.92125,11.0729166666667,8.5),(24,'2018-02-11 00:00:00',13.1072115874789,-2.15230413724743,82.6605396014654,518.623970434844,1107.5119047619,0.990140410714283,5.88873115235714,142.034263995357,30.5125,8.32291666666668,7.228125,5.86875,12.2666666666667,1.93454166666667,8.13541666666667,7.34375),(25,'2018-02-18 00:00:00',13.0876051692651,1.07774975865761,82.3145263155519,498.093291184588,1189.03571428571,1.02365435661309,5.91932938337202,129.910601182857,30.9010416666667,8.56597222222222,7.06145833333333,5.74409722222222,11.4888888888889,1.89040972222222,9.28125,7.15),(26,'2018-02-25 00:00:00',13.2356550748727,3.06412961798751,82.7307355879858,487.17268566336,1157.64285714286,1.14911960048571,5.74751645438095,143.097605463631,31.130625,8.81875,7.2175,6.05125,11.939375,1.94209375,9.19375,6.69791666666667),(27,'2018-03-04 00:00:00',13.9064880060039,5.99216976641766,80.2460168998908,485.151277976091,1291.28571428571,1.1843471520488,5.79751929226547,151.538203619166,29.7373355263158,8.94407894736842,7.70559210526316,6.43042763157895,11.8521381578947,1.94825164473684,8.95833333333333,7.875),(28,'2018-03-11 00:00:00',14.0872422801786,5.63669839375629,84.2226705450045,485.767192675256,1303.48809523809,1.13233375552976,5.7843286231869,176.036201751892,28.6730978260869,8.85326086956523,7.7273097826087,6.67133152173913,11.8055706521739,1.77173369565217,5.5,7.30208333333333),(29,'2018-03-18 00:00:00',15.4244819985952,10.5641022961473,81.9233647177529,471.321840243452,1514.46428571428,1.19073275681547,5.83835514427976,193.542025909762,29.0316576086956,9.1616847826087,7.79103260869565,6.62730978260869,12.3703804347826,1.78195923913044,6.16666666666667,5.875),(30,'2018-03-25 00:00:00',14.4650831431919,7.58654077578868,85.2584475804315,458.347055496428,1358.60714285714,1.22863606176785,5.88066750705952,152.853588086524,30.0474137931034,9.45366379310345,7.80646551724138,6.65754310344828,12.7868534482758,1.79500754310345,5.6875,6.30625),(31,'2018-04-01 00:00:00',16.1317681339066,12.8808799974854,81.9281963756993,454.659023702859,1646.75,1.1845204620119,5.89460205466666,192.693963838809,30.5045454545455,10.0511363636364,8.29147727272727,7.31382575757576,13.2017992424243,1.81735700757576,6.30625,5.90625000000001),(32,'2018-04-08 00:00:00',16.0022963163089,11.885742368031,81.6866732783474,448.5462247006,1655.66666666666,1.2468778697238,5.94336528829464,170.424922106964,32.620955882353,10.7959558823529,8.6829044117647,7.50882352941176,14.378125,1.81348713235294,6.76785714285715,5.47023809523809),(33,'2018-04-15 00:00:00',15.8643299509926,12.5990213638488,82.8485954171812,426.789070988799,1646.27678571428,1.22454172848512,5.93479956098512,193.384794836012,34.0391071428571,11.54375,9.18196428571428,7.57026785714286,14.5669642857143,1.8683625,6.79464285714285,6.29166666666667),(34,'2018-04-22 00:00:00',16.9412341521743,14.0797310270593,85.207940211483,432.441655961211,1951.42857142857,1.19940566175,5.96912489389285,212.696545305714,35.3514802631579,11.3799342105263,9.83453947368421,8.28092105263158,18.9166118421053,1.85711677631579,6.86458333333333,5.16369047619048),(35,'2018-04-29 00:00:00',17.0990689955514,14.5611784296458,85.6572518187747,424.420606646182,1811.38928571428,1.2223096661369,5.95952105931547,213.722557282023,39.6811737804878,11.3605182926829,9.73239329268293,8.02439024390244,20.1585365853659,1.91269207317073,6.575,5.04375),(36,'2018-05-06 00:00:00',19.5366659351188,18.0313775138125,85.1239704272533,416.629015236492,1539.81547619047,1.16753793821428,5.92096502321428,180.854270081785,41.5298537234043,9.74734042553192,10.2715425531915,8.38816489361702,21.8338430851064,1.91087044072948,6.0625,5.02083333333333),(37,'2018-05-13 00:00:00',18.4610871317708,16.615879854677,84.4264884467758,414.635955965525,1818.20238095238,1.0584742981369,5.88523640960118,199.176337926666,43.7180288461539,10.90625,10.8286057692308,8.67091346153846,24.2411057692308,1.87324278846154,5.94791666666667,5.25),(38,'2018-05-20 00:00:00',18.8402471386177,18.1475089697156,89.7714271521362,392.449002689351,1452.24494047619,0.816704870809523,5.85982483960952,137.079070746667,43.9916666666667,7.58333333333333,11.575,9.22083333333333,27.575,1.796625,7,4.41666666666667),(39,'2018-05-27 00:00:00',20.5689227919841,18.7244394210317,84.4747207835516,397.191100472552,2323.19047619047,0.515307686087301,6.16665252838888,205.196425753333,45.4041666666667,7.79166666666667,11.5333333333333,8.97916666666667,29.5625,1.76129166666667,5.54166666666667,4.41666666666667),(40,'2018-06-03 00:00:00',22.3778761574305,21.7243807871528,83.5100694444444,390.527604168056,2342.75,0.198962673571428,6.47763884983929,296.699930332143,47.8625,8.5625,11.725,9.14375,31.9,1.857,6.39583333333333,4.33333333333333);
/*!40000 ALTER TABLE `best_farm_mean` ENABLE KEYS */;
UNLOCK TABLES;

--
-- Table structure for table `django_admin_log`
--

DROP TABLE IF EXISTS `django_admin_log`;
/*!40101 SET @saved_cs_client     = @@character_set_client */;
/*!50503 SET character_set_client = utf8mb4 */;
CREATE TABLE `django_admin_log` (
  `id` int NOT NULL AUTO_INCREMENT,
  `action_time` datetime(6) NOT NULL,
  `object_id` longtext,
  `object_repr` varchar(200) NOT NULL,
  `action_flag` smallint unsigned NOT NULL,
  `change_message` longtext NOT NULL,
  `content_type_id` int DEFAULT NULL,
  `user_id` int NOT NULL,
  PRIMARY KEY (`id`),
  KEY `django_admin_log_content_type_id_c4bce8eb_fk_django_co` (`content_type_id`),
  KEY `django_admin_log_user_id_c564eba6_fk_auth_user_id` (`user_id`),
  CONSTRAINT `django_admin_log_content_type_id_c4bce8eb_fk_django_co` FOREIGN KEY (`content_type_id`) REFERENCES `django_content_type` (`id`),
  CONSTRAINT `django_admin_log_user_id_c564eba6_fk_auth_user_id` FOREIGN KEY (`user_id`) REFERENCES `auth_user` (`id`),
  CONSTRAINT `django_admin_log_chk_1` CHECK ((`action_flag` >= 0))
) ENGINE=InnoDB DEFAULT CHARSET=utf8mb4 COLLATE=utf8mb4_0900_ai_ci;
/*!40101 SET character_set_client = @saved_cs_client */;

--
-- Dumping data for table `django_admin_log`
--

LOCK TABLES `django_admin_log` WRITE;
/*!40000 ALTER TABLE `django_admin_log` DISABLE KEYS */;
/*!40000 ALTER TABLE `django_admin_log` ENABLE KEYS */;
UNLOCK TABLES;

--
-- Table structure for table `django_content_type`
--

DROP TABLE IF EXISTS `django_content_type`;
/*!40101 SET @saved_cs_client     = @@character_set_client */;
/*!50503 SET character_set_client = utf8mb4 */;
CREATE TABLE `django_content_type` (
  `id` int NOT NULL AUTO_INCREMENT,
  `app_label` varchar(100) NOT NULL,
  `model` varchar(100) NOT NULL,
  PRIMARY KEY (`id`),
  UNIQUE KEY `django_content_type_app_label_model_76bd3d3b_uniq` (`app_label`,`model`)
) ENGINE=InnoDB AUTO_INCREMENT=11 DEFAULT CHARSET=utf8mb4 COLLATE=utf8mb4_0900_ai_ci;
/*!40101 SET character_set_client = @saved_cs_client */;

--
-- Dumping data for table `django_content_type`
--

LOCK TABLES `django_content_type` WRITE;
/*!40000 ALTER TABLE `django_content_type` DISABLE KEYS */;
INSERT INTO `django_content_type` VALUES (2,'admin','logentry'),(4,'auth','group'),(3,'auth','permission'),(5,'auth','user'),(6,'contenttypes','contenttype'),(7,'sessions','session'),(1,'smartfarm_page','fileuploadmodel'),(9,'smartfarm_page','inputvaluemodel'),(10,'smartfarm_page','phonenumberregex'),(8,'smartfarm_page','user');
/*!40000 ALTER TABLE `django_content_type` ENABLE KEYS */;
UNLOCK TABLES;

--
-- Table structure for table `django_migrations`
--

DROP TABLE IF EXISTS `django_migrations`;
/*!40101 SET @saved_cs_client     = @@character_set_client */;
/*!50503 SET character_set_client = utf8mb4 */;
CREATE TABLE `django_migrations` (
  `id` bigint NOT NULL AUTO_INCREMENT,
  `app` varchar(255) NOT NULL,
  `name` varchar(255) NOT NULL,
  `applied` datetime(6) NOT NULL,
  PRIMARY KEY (`id`)
) ENGINE=InnoDB AUTO_INCREMENT=25 DEFAULT CHARSET=utf8mb4 COLLATE=utf8mb4_0900_ai_ci;
/*!40101 SET character_set_client = @saved_cs_client */;

--
-- Dumping data for table `django_migrations`
--

LOCK TABLES `django_migrations` WRITE;
/*!40000 ALTER TABLE `django_migrations` DISABLE KEYS */;
INSERT INTO `django_migrations` VALUES (1,'contenttypes','0001_initial','2022-01-26 08:05:04.562827'),(2,'auth','0001_initial','2022-01-26 08:05:05.209098'),(3,'admin','0001_initial','2022-01-26 08:05:05.366676'),(4,'admin','0002_logentry_remove_auto_add','2022-01-26 08:05:05.374655'),(5,'admin','0003_logentry_add_action_flag_choices','2022-01-26 08:05:05.382634'),(6,'contenttypes','0002_remove_content_type_name','2022-01-26 08:05:05.620996'),(7,'auth','0002_alter_permission_name_max_length','2022-01-26 08:05:05.702777'),(8,'auth','0003_alter_user_email_max_length','2022-01-26 08:05:05.729706'),(9,'auth','0004_alter_user_username_opts','2022-01-26 08:05:05.738709'),(10,'auth','0005_alter_user_last_login_null','2022-01-26 08:05:05.795530'),(11,'auth','0006_require_contenttypes_0002','2022-01-26 08:05:05.800516'),(12,'auth','0007_alter_validators_add_error_messages','2022-01-26 08:05:05.807525'),(13,'auth','0008_alter_user_username_max_length','2022-01-26 08:05:05.871327'),(14,'auth','0009_alter_user_last_name_max_length','2022-01-26 08:05:05.932163'),(15,'auth','0010_alter_group_name_max_length','2022-01-26 08:05:05.952111'),(16,'auth','0011_update_proxy_permissions','2022-01-26 08:05:05.960090'),(17,'auth','0012_alter_user_first_name_max_length','2022-01-26 08:05:06.023918'),(18,'sessions','0001_initial','2022-01-26 08:05:06.065805'),(19,'smartfarm_page','0001_initial','2022-01-26 08:05:06.092734'),(20,'smartfarm_page','0002_remove_fileuploadmodel_title','2022-01-26 08:05:06.134622'),(21,'smartfarm_page','0003_auto_20220127_1457','2022-02-03 06:10:47.436984'),(22,'smartfarm_page','0004_delete_user','2022-02-09 07:44:07.181902'),(23,'smartfarm_page','0005_delete_fileuploadmodel','2022-02-10 08:32:04.823274'),(24,'smartfarm_page','0006_auto_20220211_1422','2022-02-11 05:29:26.242045');
/*!40000 ALTER TABLE `django_migrations` ENABLE KEYS */;
UNLOCK TABLES;

--
-- Table structure for table `django_session`
--

DROP TABLE IF EXISTS `django_session`;
/*!40101 SET @saved_cs_client     = @@character_set_client */;
/*!50503 SET character_set_client = utf8mb4 */;
CREATE TABLE `django_session` (
  `session_key` varchar(40) NOT NULL,
  `session_data` longtext NOT NULL,
  `expire_date` datetime(6) NOT NULL,
  PRIMARY KEY (`session_key`),
  KEY `django_session_expire_date_a5c62663` (`expire_date`)
) ENGINE=InnoDB DEFAULT CHARSET=utf8mb4 COLLATE=utf8mb4_0900_ai_ci;
/*!40101 SET character_set_client = @saved_cs_client */;

--
-- Dumping data for table `django_session`
--

LOCK TABLES `django_session` WRITE;
/*!40000 ALTER TABLE `django_session` DISABLE KEYS */;
/*!40000 ALTER TABLE `django_session` ENABLE KEYS */;
UNLOCK TABLES;

--
-- Table structure for table `environment`
--

DROP TABLE IF EXISTS `environment`;
/*!40101 SET @saved_cs_client     = @@character_set_client */;
/*!50503 SET character_set_client = utf8mb4 */;
CREATE TABLE `environment` (
  `env_index` int NOT NULL AUTO_INCREMENT,
  `user_num` varchar(10) NOT NULL,
  `farm_id` varchar(45) NOT NULL,
  `date` datetime NOT NULL,
  `week` int NOT NULL,
  `out_isolation` double NOT NULL,
  `in_temp` double NOT NULL,
  `in_hum` double NOT NULL,
  `in_CO2` double NOT NULL,
  `input_time` datetime NOT NULL,
  PRIMARY KEY (`env_index`),
  KEY `user_num_idx` (`user_num`),
  CONSTRAINT `user_num` FOREIGN KEY (`user_num`) REFERENCES `str_user` (`user_id`)
) ENGINE=InnoDB AUTO_INCREMENT=664 DEFAULT CHARSET=utf8mb4 COLLATE=utf8mb4_0900_ai_ci;
/*!40101 SET character_set_client = @saved_cs_client */;

--
-- Dumping data for table `environment`
--

LOCK TABLES `environment` WRITE;
/*!40000 ALTER TABLE `environment` DISABLE KEYS */;
INSERT INTO `environment` VALUES (256,'11111111','PF_0002305_01','2021-02-07 00:00:00',21,2791.305714,10.09369048,98.00083333,406.5077381,'2022-02-15 06:52:42'),(257,'11111111','PF_0002305_01','2021-02-14 00:00:00',22,3343.388571,10.9964881,98.23386905,414.4392262,'2022-02-15 06:52:42'),(258,'11111111','PF_0002305_01','2021-02-21 00:00:00',23,3391.5,10.18690476,93.30035714,362.5642857,'2022-02-15 06:52:42'),(259,'11111111','PF_0002305_01','2021-02-28 00:00:00',24,2684.652857,11.82011905,84.38970238,358.8239286,'2022-02-15 06:52:42'),(260,'11111111','PF_0002305_01','2021-03-07 00:00:00',25,2936.182857,13.0827381,88.26583333,341.9530952,'2022-02-15 06:52:42'),(261,'11111111','PF_0002305_01','2021-03-14 00:00:00',26,4025.12,13.47754601,90.81134969,376.2632515,'2022-02-15 06:52:42'),(262,'11111111','PF_0002305_01','2021-03-21 00:00:00',27,4250.274286,13.88678571,94.53494048,369.1823214,'2022-02-15 06:52:42'),(263,'11111111','PF_0002305_01','2021-03-28 00:00:00',28,4162.295714,14.13040268,82.98181208,374.6681208,'2022-02-15 06:52:42'),(264,'11111111','PF_0002305_01','2021-04-04 00:00:00',29,3247.795714,16.21738095,81.6375,349.9879762,'2022-02-15 06:52:42'),(265,'11111111','PF_0002305_01','2021-04-11 00:00:00',30,6018.765714,15.00803571,80.89922619,372.4534524,'2022-02-15 06:52:42'),(266,'11111111','PF_0002305_01','2021-04-18 00:00:00',31,5535.34,14.20328767,82.9169863,356.7463014,'2022-02-15 06:52:42'),(267,'11111111','PF_0002305_01','2021-04-25 00:00:00',32,4492.227143,17.39422535,79.41626761,373.7014085,'2022-02-15 06:52:42'),(268,'11111111','PF_0002305_01','2021-05-02 00:00:00',33,5588.008571,16.87863095,84.20386905,356.8328571,'2022-02-15 06:52:42'),(269,'11111111','PF_0002305_01','2021-05-09 00:00:00',34,4397.641667,17.40113043,84.71365217,356.9275652,'2022-02-15 06:52:42'),(270,'11111111','PF_0002305_01','2021-05-16 00:00:00',35,4097.528571,21.18392857,86.91029762,358.1121429,'2022-02-15 06:52:42'),(271,'11111111','PF_0002305_01','2021-05-23 00:00:00',36,4551.158571,19.5927381,88.58946429,353.5466071,'2022-02-15 06:52:42'),(272,'11111111','PF_0002305_01','2021-05-30 00:00:00',37,5700.604286,19.6485119,88.13125,341.1503571,'2022-02-15 06:52:42'),(273,'22222222','PF_0002305_01','2021-02-07 00:00:00',21,2791.305714,10.09369048,98.00083333,406.5077381,'2022-02-15 06:58:53'),(274,'22222222','PF_0002305_01','2021-02-14 00:00:00',22,3343.388571,10.9964881,98.23386905,414.4392262,'2022-02-15 06:58:53'),(275,'22222222','PF_0002305_01','2021-02-21 00:00:00',23,3391.5,10.18690476,93.30035714,362.5642857,'2022-02-15 06:58:53'),(276,'22222222','PF_0002305_01','2021-02-28 00:00:00',24,2684.652857,11.82011905,84.38970238,358.8239286,'2022-02-15 06:58:53'),(277,'22222222','PF_0002305_01','2021-03-07 00:00:00',25,2936.182857,13.0827381,88.26583333,341.9530952,'2022-02-15 06:58:53'),(278,'22222222','PF_0002305_01','2021-03-14 00:00:00',26,4025.12,13.47754601,90.81134969,376.2632515,'2022-02-15 06:58:53'),(279,'22222222','PF_0002305_01','2021-03-21 00:00:00',27,4250.274286,13.88678571,94.53494048,369.1823214,'2022-02-15 06:58:53'),(280,'22222222','PF_0002305_01','2021-03-28 00:00:00',28,4162.295714,14.13040268,82.98181208,374.6681208,'2022-02-15 06:58:53'),(281,'22222222','PF_0002305_01','2021-04-04 00:00:00',29,3247.795714,16.21738095,81.6375,349.9879762,'2022-02-15 06:58:53'),(282,'22222222','PF_0002305_01','2021-04-11 00:00:00',30,6018.765714,15.00803571,80.89922619,372.4534524,'2022-02-15 06:58:53'),(283,'22222222','PF_0002305_01','2021-04-18 00:00:00',31,5535.34,14.20328767,82.9169863,356.7463014,'2022-02-15 06:58:53'),(284,'22222222','PF_0002305_01','2021-04-25 00:00:00',32,4492.227143,17.39422535,79.41626761,373.7014085,'2022-02-15 06:58:53'),(285,'22222222','PF_0002305_01','2021-05-02 00:00:00',33,5588.008571,16.87863095,84.20386905,356.8328571,'2022-02-15 06:58:53'),(286,'22222222','PF_0002305_01','2021-05-09 00:00:00',34,4397.641667,17.40113043,84.71365217,356.9275652,'2022-02-15 06:58:53'),(287,'22222222','PF_0002305_01','2021-05-16 00:00:00',35,4097.528571,21.18392857,86.91029762,358.1121429,'2022-02-15 06:58:53'),(288,'22222222','PF_0002305_01','2021-05-23 00:00:00',36,4551.158571,19.5927381,88.58946429,353.5466071,'2022-02-15 06:58:53'),(289,'22222222','PF_0002305_01','2021-05-30 00:00:00',37,5700.604286,19.6485119,88.13125,341.1503571,'2022-02-15 06:58:53'),(290,'33333333','PF_0002305_01','2021-02-07 00:00:00',21,2791.305714,10.09369048,98.00083333,406.5077381,'2022-02-15 07:10:22'),(291,'33333333','PF_0002305_01','2021-02-14 00:00:00',22,3343.388571,10.9964881,98.23386905,414.4392262,'2022-02-15 07:10:22'),(292,'33333333','PF_0002305_01','2021-02-21 00:00:00',23,3391.5,10.18690476,93.30035714,362.5642857,'2022-02-15 07:10:22'),(293,'33333333','PF_0002305_01','2021-02-28 00:00:00',24,2684.652857,11.82011905,84.38970238,358.8239286,'2022-02-15 07:10:22'),(294,'33333333','PF_0002305_01','2021-03-07 00:00:00',25,2936.182857,13.0827381,88.26583333,341.9530952,'2022-02-15 07:10:22'),(295,'33333333','PF_0002305_01','2021-03-14 00:00:00',26,4025.12,13.47754601,90.81134969,376.2632515,'2022-02-15 07:10:22'),(296,'33333333','PF_0002305_01','2021-03-21 00:00:00',27,4250.274286,13.88678571,94.53494048,369.1823214,'2022-02-15 07:10:22'),(297,'33333333','PF_0002305_01','2021-03-28 00:00:00',28,4162.295714,14.13040268,82.98181208,374.6681208,'2022-02-15 07:10:22'),(298,'33333333','PF_0002305_01','2021-04-04 00:00:00',29,3247.795714,16.21738095,81.6375,349.9879762,'2022-02-15 07:10:22'),(299,'33333333','PF_0002305_01','2021-04-11 00:00:00',30,6018.765714,15.00803571,80.89922619,372.4534524,'2022-02-15 07:10:22'),(300,'33333333','PF_0002305_01','2021-04-18 00:00:00',31,5535.34,14.20328767,82.9169863,356.7463014,'2022-02-15 07:10:22'),(301,'33333333','PF_0002305_01','2021-04-25 00:00:00',32,4492.227143,17.39422535,79.41626761,373.7014085,'2022-02-15 07:10:22'),(302,'33333333','PF_0002305_01','2021-05-02 00:00:00',33,5588.008571,16.87863095,84.20386905,356.8328571,'2022-02-15 07:10:22'),(303,'33333333','PF_0002305_01','2021-05-09 00:00:00',34,4397.641667,17.40113043,84.71365217,356.9275652,'2022-02-15 07:10:22'),(304,'33333333','PF_0002305_01','2021-05-16 00:00:00',35,4097.528571,21.18392857,86.91029762,358.1121429,'2022-02-15 07:10:22'),(305,'33333333','PF_0002305_01','2021-05-23 00:00:00',36,4551.158571,19.5927381,88.58946429,353.5466071,'2022-02-15 07:10:22'),(306,'33333333','PF_0002305_01','2021-05-30 00:00:00',37,5700.604286,19.6485119,88.13125,341.1503571,'2022-02-15 07:10:22'),(307,'22222222','PF_0002305_01','2021-02-07 00:00:00',21,2791.305714,10.09369048,98.00083333,406.5077381,'2022-02-15 07:21:23'),(308,'22222222','PF_0002305_01','2021-02-14 00:00:00',22,3343.388571,10.9964881,98.23386905,414.4392262,'2022-02-15 07:21:23'),(309,'22222222','PF_0002305_01','2021-02-21 00:00:00',23,3391.5,10.18690476,93.30035714,362.5642857,'2022-02-15 07:21:23'),(310,'22222222','PF_0002305_01','2021-02-28 00:00:00',24,2684.652857,11.82011905,84.38970238,358.8239286,'2022-02-15 07:21:23'),(311,'22222222','PF_0002305_01','2021-03-07 00:00:00',25,2936.182857,13.0827381,88.26583333,341.9530952,'2022-02-15 07:21:23'),(312,'22222222','PF_0002305_01','2021-03-14 00:00:00',26,4025.12,13.47754601,90.81134969,376.2632515,'2022-02-15 07:21:23'),(313,'22222222','PF_0002305_01','2021-03-21 00:00:00',27,4250.274286,13.88678571,94.53494048,369.1823214,'2022-02-15 07:21:23'),(314,'22222222','PF_0002305_01','2021-03-28 00:00:00',28,4162.295714,14.13040268,82.98181208,374.6681208,'2022-02-15 07:21:23'),(315,'22222222','PF_0002305_01','2021-04-04 00:00:00',29,3247.795714,16.21738095,81.6375,349.9879762,'2022-02-15 07:21:23'),(316,'22222222','PF_0002305_01','2021-04-11 00:00:00',30,6018.765714,15.00803571,80.89922619,372.4534524,'2022-02-15 07:21:23'),(317,'22222222','PF_0002305_01','2021-04-18 00:00:00',31,5535.34,14.20328767,82.9169863,356.7463014,'2022-02-15 07:21:23'),(318,'22222222','PF_0002305_01','2021-04-25 00:00:00',32,4492.227143,17.39422535,79.41626761,373.7014085,'2022-02-15 07:21:23'),(319,'22222222','PF_0002305_01','2021-05-02 00:00:00',33,5588.008571,16.87863095,84.20386905,356.8328571,'2022-02-15 07:21:23'),(320,'22222222','PF_0002305_01','2021-05-09 00:00:00',34,4397.641667,17.40113043,84.71365217,356.9275652,'2022-02-15 07:21:23'),(321,'22222222','PF_0002305_01','2021-05-16 00:00:00',35,4097.528571,21.18392857,86.91029762,358.1121429,'2022-02-15 07:21:23'),(322,'22222222','PF_0002305_01','2021-05-23 00:00:00',36,4551.158571,19.5927381,88.58946429,353.5466071,'2022-02-15 07:21:23'),(323,'22222222','PF_0002305_01','2021-05-30 00:00:00',37,5700.604286,19.6485119,88.13125,341.1503571,'2022-02-15 07:21:23'),(324,'33333333','PF_0002305_01','2021-02-07 00:00:00',21,2791.305714,10.09369048,98.00083333,406.5077381,'2022-02-15 07:30:05'),(325,'33333333','PF_0002305_01','2021-02-14 00:00:00',22,3343.388571,10.9964881,98.23386905,414.4392262,'2022-02-15 07:30:05'),(326,'33333333','PF_0002305_01','2021-02-21 00:00:00',23,3391.5,10.18690476,93.30035714,362.5642857,'2022-02-15 07:30:05'),(327,'33333333','PF_0002305_01','2021-02-28 00:00:00',24,2684.652857,11.82011905,84.38970238,358.8239286,'2022-02-15 07:30:05'),(328,'33333333','PF_0002305_01','2021-03-07 00:00:00',25,2936.182857,13.0827381,88.26583333,341.9530952,'2022-02-15 07:30:05'),(329,'33333333','PF_0002305_01','2021-03-14 00:00:00',26,4025.12,13.47754601,90.81134969,376.2632515,'2022-02-15 07:30:05'),(330,'33333333','PF_0002305_01','2021-03-21 00:00:00',27,4250.274286,13.88678571,94.53494048,369.1823214,'2022-02-15 07:30:05'),(331,'33333333','PF_0002305_01','2021-03-28 00:00:00',28,4162.295714,14.13040268,82.98181208,374.6681208,'2022-02-15 07:30:05'),(332,'33333333','PF_0002305_01','2021-04-04 00:00:00',29,3247.795714,16.21738095,81.6375,349.9879762,'2022-02-15 07:30:05'),(333,'33333333','PF_0002305_01','2021-04-11 00:00:00',30,6018.765714,15.00803571,80.89922619,372.4534524,'2022-02-15 07:30:05'),(334,'33333333','PF_0002305_01','2021-04-18 00:00:00',31,5535.34,14.20328767,82.9169863,356.7463014,'2022-02-15 07:30:05'),(335,'33333333','PF_0002305_01','2021-04-25 00:00:00',32,4492.227143,17.39422535,79.41626761,373.7014085,'2022-02-15 07:30:05'),(336,'33333333','PF_0002305_01','2021-05-02 00:00:00',33,5588.008571,16.87863095,84.20386905,356.8328571,'2022-02-15 07:30:05'),(337,'33333333','PF_0002305_01','2021-05-09 00:00:00',34,4397.641667,17.40113043,84.71365217,356.9275652,'2022-02-15 07:30:05'),(338,'33333333','PF_0002305_01','2021-05-16 00:00:00',35,4097.528571,21.18392857,86.91029762,358.1121429,'2022-02-15 07:30:05'),(339,'33333333','PF_0002305_01','2021-05-23 00:00:00',36,4551.158571,19.5927381,88.58946429,353.5466071,'2022-02-15 07:30:05'),(340,'33333333','PF_0002305_01','2021-05-30 00:00:00',37,5700.604286,19.6485119,88.13125,341.1503571,'2022-02-15 07:30:05'),(341,'11111111','PF_0002305_01','2021-02-07 00:00:00',21,2791.305714,10.09369048,98.00083333,406.5077381,'2022-02-15 07:56:27'),(342,'11111111','PF_0002305_01','2021-02-14 00:00:00',22,3343.388571,10.9964881,98.23386905,414.4392262,'2022-02-15 07:56:27'),(343,'11111111','PF_0002305_01','2021-02-21 00:00:00',23,3391.5,10.18690476,93.30035714,362.5642857,'2022-02-15 07:56:27'),(344,'11111111','PF_0002305_01','2021-02-28 00:00:00',24,2684.652857,11.82011905,84.38970238,358.8239286,'2022-02-15 07:56:27'),(345,'11111111','PF_0002305_01','2021-03-07 00:00:00',25,2936.182857,13.0827381,88.26583333,341.9530952,'2022-02-15 07:56:27'),(346,'11111111','PF_0002305_01','2021-03-14 00:00:00',26,4025.12,13.47754601,90.81134969,376.2632515,'2022-02-15 07:56:27'),(347,'11111111','PF_0002305_01','2021-03-21 00:00:00',27,4250.274286,13.88678571,94.53494048,369.1823214,'2022-02-15 07:56:27'),(348,'11111111','PF_0002305_01','2021-03-28 00:00:00',28,4162.295714,14.13040268,82.98181208,374.6681208,'2022-02-15 07:56:27'),(349,'11111111','PF_0002305_01','2021-04-04 00:00:00',29,3247.795714,16.21738095,81.6375,349.9879762,'2022-02-15 07:56:27'),(350,'11111111','PF_0002305_01','2021-04-11 00:00:00',30,6018.765714,15.00803571,80.89922619,372.4534524,'2022-02-15 07:56:27'),(351,'11111111','PF_0002305_01','2021-04-18 00:00:00',31,5535.34,14.20328767,82.9169863,356.7463014,'2022-02-15 07:56:27'),(352,'11111111','PF_0002305_01','2021-04-25 00:00:00',32,4492.227143,17.39422535,79.41626761,373.7014085,'2022-02-15 07:56:27'),(353,'11111111','PF_0002305_01','2021-05-02 00:00:00',33,5588.008571,16.87863095,84.20386905,356.8328571,'2022-02-15 07:56:27'),(354,'11111111','PF_0002305_01','2021-05-09 00:00:00',34,4397.641667,17.40113043,84.71365217,356.9275652,'2022-02-15 07:56:27'),(355,'11111111','PF_0002305_01','2021-05-16 00:00:00',35,4097.528571,21.18392857,86.91029762,358.1121429,'2022-02-15 07:56:27'),(356,'11111111','PF_0002305_01','2021-05-23 00:00:00',36,4551.158571,19.5927381,88.58946429,353.5466071,'2022-02-15 07:56:27'),(357,'11111111','PF_0002305_01','2021-05-30 00:00:00',37,5700.604286,19.6485119,88.13125,341.1503571,'2022-02-15 07:56:27'),(358,'11111111','PF_0002305_01','2021-02-07 00:00:00',21,2791.305714,10.09369048,98.00083333,406.5077381,'2022-02-15 07:58:47'),(359,'11111111','PF_0002305_01','2021-02-14 00:00:00',22,3343.388571,10.9964881,98.23386905,414.4392262,'2022-02-15 07:58:47'),(360,'11111111','PF_0002305_01','2021-02-21 00:00:00',23,3391.5,10.18690476,93.30035714,362.5642857,'2022-02-15 07:58:47'),(361,'11111111','PF_0002305_01','2021-02-28 00:00:00',24,2684.652857,11.82011905,84.38970238,358.8239286,'2022-02-15 07:58:47'),(362,'11111111','PF_0002305_01','2021-03-07 00:00:00',25,2936.182857,13.0827381,88.26583333,341.9530952,'2022-02-15 07:58:47'),(363,'11111111','PF_0002305_01','2021-03-14 00:00:00',26,4025.12,13.47754601,90.81134969,376.2632515,'2022-02-15 07:58:47'),(364,'11111111','PF_0002305_01','2021-03-21 00:00:00',27,4250.274286,13.88678571,94.53494048,369.1823214,'2022-02-15 07:58:47'),(365,'11111111','PF_0002305_01','2021-03-28 00:00:00',28,4162.295714,14.13040268,82.98181208,374.6681208,'2022-02-15 07:58:47'),(366,'11111111','PF_0002305_01','2021-04-04 00:00:00',29,3247.795714,16.21738095,81.6375,349.9879762,'2022-02-15 07:58:47'),(367,'11111111','PF_0002305_01','2021-04-11 00:00:00',30,6018.765714,15.00803571,80.89922619,372.4534524,'2022-02-15 07:58:47'),(368,'11111111','PF_0002305_01','2021-04-18 00:00:00',31,5535.34,14.20328767,82.9169863,356.7463014,'2022-02-15 07:58:47'),(369,'11111111','PF_0002305_01','2021-04-25 00:00:00',32,4492.227143,17.39422535,79.41626761,373.7014085,'2022-02-15 07:58:47'),(370,'11111111','PF_0002305_01','2021-05-02 00:00:00',33,5588.008571,16.87863095,84.20386905,356.8328571,'2022-02-15 07:58:47'),(371,'11111111','PF_0002305_01','2021-05-09 00:00:00',34,4397.641667,17.40113043,84.71365217,356.9275652,'2022-02-15 07:58:47'),(372,'11111111','PF_0002305_01','2021-05-16 00:00:00',35,4097.528571,21.18392857,86.91029762,358.1121429,'2022-02-15 07:58:47'),(373,'11111111','PF_0002305_01','2021-05-23 00:00:00',36,4551.158571,19.5927381,88.58946429,353.5466071,'2022-02-15 07:58:47'),(374,'11111111','PF_0002305_01','2021-05-30 00:00:00',37,5700.604286,19.6485119,88.13125,341.1503571,'2022-02-15 07:58:47'),(375,'22222222','PF_0002305_01','2021-02-07 00:00:00',21,2791.305714,10.09369048,98.00083333,406.5077381,'2022-02-15 08:17:51'),(376,'22222222','PF_0002305_01','2021-02-14 00:00:00',22,3343.388571,10.9964881,98.23386905,414.4392262,'2022-02-15 08:17:51'),(377,'22222222','PF_0002305_01','2021-02-21 00:00:00',23,3391.5,10.18690476,93.30035714,362.5642857,'2022-02-15 08:17:51'),(378,'22222222','PF_0002305_01','2021-02-28 00:00:00',24,2684.652857,11.82011905,84.38970238,358.8239286,'2022-02-15 08:17:51'),(379,'22222222','PF_0002305_01','2021-03-07 00:00:00',25,2936.182857,13.0827381,88.26583333,341.9530952,'2022-02-15 08:17:51'),(380,'22222222','PF_0002305_01','2021-03-14 00:00:00',26,4025.12,13.47754601,90.81134969,376.2632515,'2022-02-15 08:17:51'),(381,'22222222','PF_0002305_01','2021-03-21 00:00:00',27,4250.274286,13.88678571,94.53494048,369.1823214,'2022-02-15 08:17:51'),(382,'22222222','PF_0002305_01','2021-03-28 00:00:00',28,4162.295714,14.13040268,82.98181208,374.6681208,'2022-02-15 08:17:51'),(383,'22222222','PF_0002305_01','2021-04-04 00:00:00',29,3247.795714,16.21738095,81.6375,349.9879762,'2022-02-15 08:17:51'),(384,'22222222','PF_0002305_01','2021-04-11 00:00:00',30,6018.765714,15.00803571,80.89922619,372.4534524,'2022-02-15 08:17:51'),(385,'22222222','PF_0002305_01','2021-04-18 00:00:00',31,5535.34,14.20328767,82.9169863,356.7463014,'2022-02-15 08:17:51'),(386,'22222222','PF_0002305_01','2021-04-25 00:00:00',32,4492.227143,17.39422535,79.41626761,373.7014085,'2022-02-15 08:17:51'),(387,'22222222','PF_0002305_01','2021-05-02 00:00:00',33,5588.008571,16.87863095,84.20386905,356.8328571,'2022-02-15 08:17:51'),(388,'22222222','PF_0002305_01','2021-05-09 00:00:00',34,4397.641667,17.40113043,84.71365217,356.9275652,'2022-02-15 08:17:51'),(389,'22222222','PF_0002305_01','2021-05-16 00:00:00',35,4097.528571,21.18392857,86.91029762,358.1121429,'2022-02-15 08:17:51'),(390,'22222222','PF_0002305_01','2021-05-23 00:00:00',36,4551.158571,19.5927381,88.58946429,353.5466071,'2022-02-15 08:17:51'),(391,'22222222','PF_0002305_01','2021-05-30 00:00:00',37,5700.604286,19.6485119,88.13125,341.1503571,'2022-02-15 08:17:51'),(392,'44444444','PF_0002305_01','2021-02-07 00:00:00',21,2791.305714,10.09369048,98.00083333,406.5077381,'2022-02-15 08:19:41'),(393,'44444444','PF_0002305_01','2021-02-14 00:00:00',22,3343.388571,10.9964881,98.23386905,414.4392262,'2022-02-15 08:19:41'),(394,'44444444','PF_0002305_01','2021-02-21 00:00:00',23,3391.5,10.18690476,93.30035714,362.5642857,'2022-02-15 08:19:41'),(395,'44444444','PF_0002305_01','2021-02-28 00:00:00',24,2684.652857,11.82011905,84.38970238,358.8239286,'2022-02-15 08:19:41'),(396,'44444444','PF_0002305_01','2021-03-07 00:00:00',25,2936.182857,13.0827381,88.26583333,341.9530952,'2022-02-15 08:19:41'),(397,'44444444','PF_0002305_01','2021-03-14 00:00:00',26,4025.12,13.47754601,90.81134969,376.2632515,'2022-02-15 08:19:41'),(398,'44444444','PF_0002305_01','2021-03-21 00:00:00',27,4250.274286,13.88678571,94.53494048,369.1823214,'2022-02-15 08:19:41'),(399,'44444444','PF_0002305_01','2021-03-28 00:00:00',28,4162.295714,14.13040268,82.98181208,374.6681208,'2022-02-15 08:19:41'),(400,'44444444','PF_0002305_01','2021-04-04 00:00:00',29,3247.795714,16.21738095,81.6375,349.9879762,'2022-02-15 08:19:41'),(401,'44444444','PF_0002305_01','2021-04-11 00:00:00',30,6018.765714,15.00803571,80.89922619,372.4534524,'2022-02-15 08:19:41'),(402,'44444444','PF_0002305_01','2021-04-18 00:00:00',31,5535.34,14.20328767,82.9169863,356.7463014,'2022-02-15 08:19:41'),(403,'44444444','PF_0002305_01','2021-04-25 00:00:00',32,4492.227143,17.39422535,79.41626761,373.7014085,'2022-02-15 08:19:41'),(404,'44444444','PF_0002305_01','2021-05-02 00:00:00',33,5588.008571,16.87863095,84.20386905,356.8328571,'2022-02-15 08:19:41'),(405,'44444444','PF_0002305_01','2021-05-09 00:00:00',34,4397.641667,17.40113043,84.71365217,356.9275652,'2022-02-15 08:19:41'),(406,'44444444','PF_0002305_01','2021-05-16 00:00:00',35,4097.528571,21.18392857,86.91029762,358.1121429,'2022-02-15 08:19:41'),(407,'44444444','PF_0002305_01','2021-05-23 00:00:00',36,4551.158571,19.5927381,88.58946429,353.5466071,'2022-02-15 08:19:41'),(408,'44444444','PF_0002305_01','2021-05-30 00:00:00',37,5700.604286,19.6485119,88.13125,341.1503571,'2022-02-15 08:19:41'),(409,'44444444','PF_0002305_01','2021-02-07 00:00:00',21,2791.305714,10.09369048,98.00083333,406.5077381,'2022-02-15 08:21:50'),(410,'44444444','PF_0002305_01','2021-02-14 00:00:00',22,3343.388571,10.9964881,98.23386905,414.4392262,'2022-02-15 08:21:50'),(411,'44444444','PF_0002305_01','2021-02-21 00:00:00',23,3391.5,10.18690476,93.30035714,362.5642857,'2022-02-15 08:21:50'),(412,'44444444','PF_0002305_01','2021-02-28 00:00:00',24,2684.652857,11.82011905,84.38970238,358.8239286,'2022-02-15 08:21:50'),(413,'44444444','PF_0002305_01','2021-03-07 00:00:00',25,2936.182857,13.0827381,88.26583333,341.9530952,'2022-02-15 08:21:50'),(414,'44444444','PF_0002305_01','2021-03-14 00:00:00',26,4025.12,13.47754601,90.81134969,376.2632515,'2022-02-15 08:21:50'),(415,'44444444','PF_0002305_01','2021-03-21 00:00:00',27,4250.274286,13.88678571,94.53494048,369.1823214,'2022-02-15 08:21:50'),(416,'44444444','PF_0002305_01','2021-03-28 00:00:00',28,4162.295714,14.13040268,82.98181208,374.6681208,'2022-02-15 08:21:50'),(417,'44444444','PF_0002305_01','2021-04-04 00:00:00',29,3247.795714,16.21738095,81.6375,349.9879762,'2022-02-15 08:21:50'),(418,'44444444','PF_0002305_01','2021-04-11 00:00:00',30,6018.765714,15.00803571,80.89922619,372.4534524,'2022-02-15 08:21:50'),(419,'44444444','PF_0002305_01','2021-04-18 00:00:00',31,5535.34,14.20328767,82.9169863,356.7463014,'2022-02-15 08:21:50'),(420,'44444444','PF_0002305_01','2021-04-25 00:00:00',32,4492.227143,17.39422535,79.41626761,373.7014085,'2022-02-15 08:21:50'),(421,'44444444','PF_0002305_01','2021-05-02 00:00:00',33,5588.008571,16.87863095,84.20386905,356.8328571,'2022-02-15 08:21:50'),(422,'44444444','PF_0002305_01','2021-05-09 00:00:00',34,4397.641667,17.40113043,84.71365217,356.9275652,'2022-02-15 08:21:50'),(423,'44444444','PF_0002305_01','2021-05-16 00:00:00',35,4097.528571,21.18392857,86.91029762,358.1121429,'2022-02-15 08:21:50'),(424,'44444444','PF_0002305_01','2021-05-23 00:00:00',36,4551.158571,19.5927381,88.58946429,353.5466071,'2022-02-15 08:21:50'),(425,'44444444','PF_0002305_01','2021-05-30 00:00:00',37,5700.604286,19.6485119,88.13125,341.1503571,'2022-02-15 08:21:50'),(426,'44444444','PF_0002305_01','2021-02-07 00:00:00',21,2791.305714,10.09369048,98.00083333,406.5077381,'2022-02-15 08:26:44'),(427,'44444444','PF_0002305_01','2021-02-14 00:00:00',22,3343.388571,10.9964881,98.23386905,414.4392262,'2022-02-15 08:26:44'),(428,'44444444','PF_0002305_01','2021-02-21 00:00:00',23,3391.5,10.18690476,93.30035714,362.5642857,'2022-02-15 08:26:44'),(429,'44444444','PF_0002305_01','2021-02-28 00:00:00',24,2684.652857,11.82011905,84.38970238,358.8239286,'2022-02-15 08:26:44'),(430,'44444444','PF_0002305_01','2021-03-07 00:00:00',25,2936.182857,13.0827381,88.26583333,341.9530952,'2022-02-15 08:26:44'),(431,'44444444','PF_0002305_01','2021-03-14 00:00:00',26,4025.12,13.47754601,90.81134969,376.2632515,'2022-02-15 08:26:44'),(432,'44444444','PF_0002305_01','2021-03-21 00:00:00',27,4250.274286,13.88678571,94.53494048,369.1823214,'2022-02-15 08:26:44'),(433,'44444444','PF_0002305_01','2021-03-28 00:00:00',28,4162.295714,14.13040268,82.98181208,374.6681208,'2022-02-15 08:26:44'),(434,'44444444','PF_0002305_01','2021-04-04 00:00:00',29,3247.795714,16.21738095,81.6375,349.9879762,'2022-02-15 08:26:44'),(435,'44444444','PF_0002305_01','2021-04-11 00:00:00',30,6018.765714,15.00803571,80.89922619,372.4534524,'2022-02-15 08:26:44'),(436,'44444444','PF_0002305_01','2021-04-18 00:00:00',31,5535.34,14.20328767,82.9169863,356.7463014,'2022-02-15 08:26:44'),(437,'44444444','PF_0002305_01','2021-04-25 00:00:00',32,4492.227143,17.39422535,79.41626761,373.7014085,'2022-02-15 08:26:44'),(438,'44444444','PF_0002305_01','2021-05-02 00:00:00',33,5588.008571,16.87863095,84.20386905,356.8328571,'2022-02-15 08:26:44'),(439,'44444444','PF_0002305_01','2021-05-09 00:00:00',34,4397.641667,17.40113043,84.71365217,356.9275652,'2022-02-15 08:26:44'),(440,'44444444','PF_0002305_01','2021-05-16 00:00:00',35,4097.528571,21.18392857,86.91029762,358.1121429,'2022-02-15 08:26:44'),(441,'44444444','PF_0002305_01','2021-05-23 00:00:00',36,4551.158571,19.5927381,88.58946429,353.5466071,'2022-02-15 08:26:44'),(442,'44444444','PF_0002305_01','2021-05-30 00:00:00',37,5700.604286,19.6485119,88.13125,341.1503571,'2022-02-15 08:26:44'),(443,'33333333','PF_0002305_01','2021-02-07 00:00:00',21,2791.305714,10.09369048,98.00083333,406.5077381,'2022-02-15 08:30:40'),(444,'33333333','PF_0002305_01','2021-02-14 00:00:00',22,3343.388571,10.9964881,98.23386905,414.4392262,'2022-02-15 08:30:40'),(445,'33333333','PF_0002305_01','2021-02-21 00:00:00',23,3391.5,10.18690476,93.30035714,362.5642857,'2022-02-15 08:30:40'),(446,'33333333','PF_0002305_01','2021-02-28 00:00:00',24,2684.652857,11.82011905,84.38970238,358.8239286,'2022-02-15 08:30:40'),(447,'33333333','PF_0002305_01','2021-03-07 00:00:00',25,2936.182857,13.0827381,88.26583333,341.9530952,'2022-02-15 08:30:40'),(448,'33333333','PF_0002305_01','2021-03-14 00:00:00',26,4025.12,13.47754601,90.81134969,376.2632515,'2022-02-15 08:30:40'),(449,'33333333','PF_0002305_01','2021-03-21 00:00:00',27,4250.274286,13.88678571,94.53494048,369.1823214,'2022-02-15 08:30:40'),(450,'33333333','PF_0002305_01','2021-03-28 00:00:00',28,4162.295714,14.13040268,82.98181208,374.6681208,'2022-02-15 08:30:40'),(451,'33333333','PF_0002305_01','2021-04-04 00:00:00',29,3247.795714,16.21738095,81.6375,349.9879762,'2022-02-15 08:30:40'),(452,'33333333','PF_0002305_01','2021-04-11 00:00:00',30,6018.765714,15.00803571,80.89922619,372.4534524,'2022-02-15 08:30:40'),(453,'33333333','PF_0002305_01','2021-04-18 00:00:00',31,5535.34,14.20328767,82.9169863,356.7463014,'2022-02-15 08:30:40'),(454,'33333333','PF_0002305_01','2021-04-25 00:00:00',32,4492.227143,17.39422535,79.41626761,373.7014085,'2022-02-15 08:30:40'),(455,'33333333','PF_0002305_01','2021-05-02 00:00:00',33,5588.008571,16.87863095,84.20386905,356.8328571,'2022-02-15 08:30:40'),(456,'33333333','PF_0002305_01','2021-05-09 00:00:00',34,4397.641667,17.40113043,84.71365217,356.9275652,'2022-02-15 08:30:40'),(457,'33333333','PF_0002305_01','2021-05-16 00:00:00',35,4097.528571,21.18392857,86.91029762,358.1121429,'2022-02-15 08:30:40'),(458,'33333333','PF_0002305_01','2021-05-23 00:00:00',36,4551.158571,19.5927381,88.58946429,353.5466071,'2022-02-15 08:30:40'),(459,'33333333','PF_0002305_01','2021-05-30 00:00:00',37,5700.604286,19.6485119,88.13125,341.1503571,'2022-02-15 08:30:40'),(460,'33333333','PF_0002305_01','2021-02-07 00:00:00',21,2791.305714,10.09369048,98.00083333,406.5077381,'2022-02-15 08:32:54'),(461,'33333333','PF_0002305_01','2021-02-14 00:00:00',22,3343.388571,10.9964881,98.23386905,414.4392262,'2022-02-15 08:32:54'),(462,'33333333','PF_0002305_01','2021-02-21 00:00:00',23,3391.5,10.18690476,93.30035714,362.5642857,'2022-02-15 08:32:54'),(463,'33333333','PF_0002305_01','2021-02-28 00:00:00',24,2684.652857,11.82011905,84.38970238,358.8239286,'2022-02-15 08:32:54'),(464,'33333333','PF_0002305_01','2021-03-07 00:00:00',25,2936.182857,13.0827381,88.26583333,341.9530952,'2022-02-15 08:32:54'),(465,'33333333','PF_0002305_01','2021-03-14 00:00:00',26,4025.12,13.47754601,90.81134969,376.2632515,'2022-02-15 08:32:54'),(466,'33333333','PF_0002305_01','2021-03-21 00:00:00',27,4250.274286,13.88678571,94.53494048,369.1823214,'2022-02-15 08:32:54'),(467,'33333333','PF_0002305_01','2021-03-28 00:00:00',28,4162.295714,14.13040268,82.98181208,374.6681208,'2022-02-15 08:32:54'),(468,'33333333','PF_0002305_01','2021-04-04 00:00:00',29,3247.795714,16.21738095,81.6375,349.9879762,'2022-02-15 08:32:54'),(469,'33333333','PF_0002305_01','2021-04-11 00:00:00',30,6018.765714,15.00803571,80.89922619,372.4534524,'2022-02-15 08:32:54'),(470,'33333333','PF_0002305_01','2021-04-18 00:00:00',31,5535.34,14.20328767,82.9169863,356.7463014,'2022-02-15 08:32:54'),(471,'33333333','PF_0002305_01','2021-04-25 00:00:00',32,4492.227143,17.39422535,79.41626761,373.7014085,'2022-02-15 08:32:54'),(472,'33333333','PF_0002305_01','2021-05-02 00:00:00',33,5588.008571,16.87863095,84.20386905,356.8328571,'2022-02-15 08:32:54'),(473,'33333333','PF_0002305_01','2021-05-09 00:00:00',34,4397.641667,17.40113043,84.71365217,356.9275652,'2022-02-15 08:32:54'),(474,'33333333','PF_0002305_01','2021-05-16 00:00:00',35,4097.528571,21.18392857,86.91029762,358.1121429,'2022-02-15 08:32:54'),(475,'33333333','PF_0002305_01','2021-05-23 00:00:00',36,4551.158571,19.5927381,88.58946429,353.5466071,'2022-02-15 08:32:54'),(476,'33333333','PF_0002305_01','2021-05-30 00:00:00',37,5700.604286,19.6485119,88.13125,341.1503571,'2022-02-15 08:32:54'),(477,'44444444','PF_0002305_01','2021-02-07 00:00:00',21,2791.305714,10.09369048,98.00083333,406.5077381,'2022-02-15 08:41:42'),(478,'44444444','PF_0002305_01','2021-02-14 00:00:00',22,3343.388571,10.9964881,98.23386905,414.4392262,'2022-02-15 08:41:42'),(479,'44444444','PF_0002305_01','2021-02-21 00:00:00',23,3391.5,10.18690476,93.30035714,362.5642857,'2022-02-15 08:41:42'),(480,'44444444','PF_0002305_01','2021-02-28 00:00:00',24,2684.652857,11.82011905,84.38970238,358.8239286,'2022-02-15 08:41:42'),(481,'44444444','PF_0002305_01','2021-03-07 00:00:00',25,2936.182857,13.0827381,88.26583333,341.9530952,'2022-02-15 08:41:42'),(482,'44444444','PF_0002305_01','2021-03-14 00:00:00',26,4025.12,13.47754601,90.81134969,376.2632515,'2022-02-15 08:41:42'),(483,'44444444','PF_0002305_01','2021-03-21 00:00:00',27,4250.274286,13.88678571,94.53494048,369.1823214,'2022-02-15 08:41:42'),(484,'44444444','PF_0002305_01','2021-03-28 00:00:00',28,4162.295714,14.13040268,82.98181208,374.6681208,'2022-02-15 08:41:42'),(485,'44444444','PF_0002305_01','2021-04-04 00:00:00',29,3247.795714,16.21738095,81.6375,349.9879762,'2022-02-15 08:41:42'),(486,'44444444','PF_0002305_01','2021-04-11 00:00:00',30,6018.765714,15.00803571,80.89922619,372.4534524,'2022-02-15 08:41:42'),(487,'44444444','PF_0002305_01','2021-04-18 00:00:00',31,5535.34,14.20328767,82.9169863,356.7463014,'2022-02-15 08:41:42'),(488,'44444444','PF_0002305_01','2021-04-25 00:00:00',32,4492.227143,17.39422535,79.41626761,373.7014085,'2022-02-15 08:41:42'),(489,'44444444','PF_0002305_01','2021-05-02 00:00:00',33,5588.008571,16.87863095,84.20386905,356.8328571,'2022-02-15 08:41:42'),(490,'44444444','PF_0002305_01','2021-05-09 00:00:00',34,4397.641667,17.40113043,84.71365217,356.9275652,'2022-02-15 08:41:42'),(491,'44444444','PF_0002305_01','2021-05-16 00:00:00',35,4097.528571,21.18392857,86.91029762,358.1121429,'2022-02-15 08:41:42'),(492,'44444444','PF_0002305_01','2021-05-23 00:00:00',36,4551.158571,19.5927381,88.58946429,353.5466071,'2022-02-15 08:41:42'),(493,'44444444','PF_0002305_01','2021-05-30 00:00:00',37,5700.604286,19.6485119,88.13125,341.1503571,'2022-02-15 08:41:42'),(494,'44444444','PF_0002305_01','2021-02-07 00:00:00',21,2791.305714,10.09369048,98.00083333,406.5077381,'2022-02-16 00:55:22'),(495,'44444444','PF_0002305_01','2021-02-14 00:00:00',22,3343.388571,10.9964881,98.23386905,414.4392262,'2022-02-16 00:55:22'),(496,'44444444','PF_0002305_01','2021-02-21 00:00:00',23,3391.5,10.18690476,93.30035714,362.5642857,'2022-02-16 00:55:22'),(497,'44444444','PF_0002305_01','2021-02-28 00:00:00',24,2684.652857,11.82011905,84.38970238,358.8239286,'2022-02-16 00:55:22'),(498,'44444444','PF_0002305_01','2021-03-07 00:00:00',25,2936.182857,13.0827381,88.26583333,341.9530952,'2022-02-16 00:55:22'),(499,'44444444','PF_0002305_01','2021-03-14 00:00:00',26,4025.12,13.47754601,90.81134969,376.2632515,'2022-02-16 00:55:22'),(500,'44444444','PF_0002305_01','2021-03-21 00:00:00',27,4250.274286,13.88678571,94.53494048,369.1823214,'2022-02-16 00:55:22'),(501,'44444444','PF_0002305_01','2021-03-28 00:00:00',28,4162.295714,14.13040268,82.98181208,374.6681208,'2022-02-16 00:55:22'),(502,'44444444','PF_0002305_01','2021-04-04 00:00:00',29,3247.795714,16.21738095,81.6375,349.9879762,'2022-02-16 00:55:22'),(503,'44444444','PF_0002305_01','2021-04-11 00:00:00',30,6018.765714,15.00803571,80.89922619,372.4534524,'2022-02-16 00:55:22'),(504,'44444444','PF_0002305_01','2021-04-18 00:00:00',31,5535.34,14.20328767,82.9169863,356.7463014,'2022-02-16 00:55:22'),(505,'44444444','PF_0002305_01','2021-04-25 00:00:00',32,4492.227143,17.39422535,79.41626761,373.7014085,'2022-02-16 00:55:22'),(506,'44444444','PF_0002305_01','2021-05-02 00:00:00',33,5588.008571,16.87863095,84.20386905,356.8328571,'2022-02-16 00:55:22'),(507,'44444444','PF_0002305_01','2021-05-09 00:00:00',34,4397.641667,17.40113043,84.71365217,356.9275652,'2022-02-16 00:55:22'),(508,'44444444','PF_0002305_01','2021-05-16 00:00:00',35,4097.528571,21.18392857,86.91029762,358.1121429,'2022-02-16 00:55:22'),(509,'44444444','PF_0002305_01','2021-05-23 00:00:00',36,4551.158571,19.5927381,88.58946429,353.5466071,'2022-02-16 00:55:22'),(510,'44444444','PF_0002305_01','2021-05-30 00:00:00',37,5700.604286,19.6485119,88.13125,341.1503571,'2022-02-16 00:55:22'),(511,'55555555','PF_0002305_01','2021-02-07 00:00:00',21,2791.305714,10.09369048,98.00083333,406.5077381,'2022-02-16 01:18:42'),(512,'55555555','PF_0002305_01','2021-02-14 00:00:00',22,3343.388571,10.9964881,98.23386905,414.4392262,'2022-02-16 01:18:42'),(513,'55555555','PF_0002305_01','2021-02-21 00:00:00',23,3391.5,10.18690476,93.30035714,362.5642857,'2022-02-16 01:18:42'),(514,'55555555','PF_0002305_01','2021-02-28 00:00:00',24,2684.652857,11.82011905,84.38970238,358.8239286,'2022-02-16 01:18:42'),(515,'55555555','PF_0002305_01','2021-03-07 00:00:00',25,2936.182857,13.0827381,88.26583333,341.9530952,'2022-02-16 01:18:42'),(516,'55555555','PF_0002305_01','2021-03-14 00:00:00',26,4025.12,13.47754601,90.81134969,376.2632515,'2022-02-16 01:18:42'),(517,'55555555','PF_0002305_01','2021-03-21 00:00:00',27,4250.274286,13.88678571,94.53494048,369.1823214,'2022-02-16 01:18:42'),(518,'55555555','PF_0002305_01','2021-03-28 00:00:00',28,4162.295714,14.13040268,82.98181208,374.6681208,'2022-02-16 01:18:42'),(519,'55555555','PF_0002305_01','2021-04-04 00:00:00',29,3247.795714,16.21738095,81.6375,349.9879762,'2022-02-16 01:18:42'),(520,'55555555','PF_0002305_01','2021-04-11 00:00:00',30,6018.765714,15.00803571,80.89922619,372.4534524,'2022-02-16 01:18:42'),(521,'55555555','PF_0002305_01','2021-04-18 00:00:00',31,5535.34,14.20328767,82.9169863,356.7463014,'2022-02-16 01:18:42'),(522,'55555555','PF_0002305_01','2021-04-25 00:00:00',32,4492.227143,17.39422535,79.41626761,373.7014085,'2022-02-16 01:18:42'),(523,'55555555','PF_0002305_01','2021-05-02 00:00:00',33,5588.008571,16.87863095,84.20386905,356.8328571,'2022-02-16 01:18:42'),(524,'55555555','PF_0002305_01','2021-05-09 00:00:00',34,4397.641667,17.40113043,84.71365217,356.9275652,'2022-02-16 01:18:42'),(525,'55555555','PF_0002305_01','2021-05-16 00:00:00',35,4097.528571,21.18392857,86.91029762,358.1121429,'2022-02-16 01:18:42'),(526,'55555555','PF_0002305_01','2021-05-23 00:00:00',36,4551.158571,19.5927381,88.58946429,353.5466071,'2022-02-16 01:18:42'),(527,'55555555','PF_0002305_01','2021-05-30 00:00:00',37,5700.604286,19.6485119,88.13125,341.1503571,'2022-02-16 01:18:42'),(528,'66666666','PF_0002305_01','2021-02-07 00:00:00',21,2791.305714,10.09369048,98.00083333,406.5077381,'2022-02-16 01:19:17'),(529,'66666666','PF_0002305_01','2021-02-14 00:00:00',22,3343.388571,10.9964881,98.23386905,414.4392262,'2022-02-16 01:19:17'),(530,'66666666','PF_0002305_01','2021-02-21 00:00:00',23,3391.5,10.18690476,93.30035714,362.5642857,'2022-02-16 01:19:17'),(531,'66666666','PF_0002305_01','2021-02-28 00:00:00',24,2684.652857,11.82011905,84.38970238,358.8239286,'2022-02-16 01:19:17'),(532,'66666666','PF_0002305_01','2021-03-07 00:00:00',25,2936.182857,13.0827381,88.26583333,341.9530952,'2022-02-16 01:19:17'),(533,'66666666','PF_0002305_01','2021-03-14 00:00:00',26,4025.12,13.47754601,90.81134969,376.2632515,'2022-02-16 01:19:17'),(534,'66666666','PF_0002305_01','2021-03-21 00:00:00',27,4250.274286,13.88678571,94.53494048,369.1823214,'2022-02-16 01:19:17'),(535,'66666666','PF_0002305_01','2021-03-28 00:00:00',28,4162.295714,14.13040268,82.98181208,374.6681208,'2022-02-16 01:19:17'),(536,'66666666','PF_0002305_01','2021-04-04 00:00:00',29,3247.795714,16.21738095,81.6375,349.9879762,'2022-02-16 01:19:17'),(537,'66666666','PF_0002305_01','2021-04-11 00:00:00',30,6018.765714,15.00803571,80.89922619,372.4534524,'2022-02-16 01:19:17'),(538,'66666666','PF_0002305_01','2021-04-18 00:00:00',31,5535.34,14.20328767,82.9169863,356.7463014,'2022-02-16 01:19:17'),(539,'66666666','PF_0002305_01','2021-04-25 00:00:00',32,4492.227143,17.39422535,79.41626761,373.7014085,'2022-02-16 01:19:17'),(540,'66666666','PF_0002305_01','2021-05-02 00:00:00',33,5588.008571,16.87863095,84.20386905,356.8328571,'2022-02-16 01:19:17'),(541,'66666666','PF_0002305_01','2021-05-09 00:00:00',34,4397.641667,17.40113043,84.71365217,356.9275652,'2022-02-16 01:19:17'),(542,'66666666','PF_0002305_01','2021-05-16 00:00:00',35,4097.528571,21.18392857,86.91029762,358.1121429,'2022-02-16 01:19:17'),(543,'66666666','PF_0002305_01','2021-05-23 00:00:00',36,4551.158571,19.5927381,88.58946429,353.5466071,'2022-02-16 01:19:17'),(544,'66666666','PF_0002305_01','2021-05-30 00:00:00',37,5700.604286,19.6485119,88.13125,341.1503571,'2022-02-16 01:19:17'),(545,'66666666','PF_0002305_01','2021-02-07 00:00:00',21,2791.305714,10.09369048,98.00083333,406.5077381,'2022-02-16 01:20:16'),(546,'66666666','PF_0002305_01','2021-02-14 00:00:00',22,3343.388571,10.9964881,98.23386905,414.4392262,'2022-02-16 01:20:16'),(547,'66666666','PF_0002305_01','2021-02-21 00:00:00',23,3391.5,10.18690476,93.30035714,362.5642857,'2022-02-16 01:20:16'),(548,'66666666','PF_0002305_01','2021-02-28 00:00:00',24,2684.652857,11.82011905,84.38970238,358.8239286,'2022-02-16 01:20:16'),(549,'66666666','PF_0002305_01','2021-03-07 00:00:00',25,2936.182857,13.0827381,88.26583333,341.9530952,'2022-02-16 01:20:16'),(550,'66666666','PF_0002305_01','2021-03-14 00:00:00',26,4025.12,13.47754601,90.81134969,376.2632515,'2022-02-16 01:20:16'),(551,'66666666','PF_0002305_01','2021-03-21 00:00:00',27,4250.274286,13.88678571,94.53494048,369.1823214,'2022-02-16 01:20:16'),(552,'66666666','PF_0002305_01','2021-03-28 00:00:00',28,4162.295714,14.13040268,82.98181208,374.6681208,'2022-02-16 01:20:16'),(553,'66666666','PF_0002305_01','2021-04-04 00:00:00',29,3247.795714,16.21738095,81.6375,349.9879762,'2022-02-16 01:20:16'),(554,'66666666','PF_0002305_01','2021-04-11 00:00:00',30,6018.765714,15.00803571,80.89922619,372.4534524,'2022-02-16 01:20:16'),(555,'66666666','PF_0002305_01','2021-04-18 00:00:00',31,5535.34,14.20328767,82.9169863,356.7463014,'2022-02-16 01:20:16'),(556,'66666666','PF_0002305_01','2021-04-25 00:00:00',32,4492.227143,17.39422535,79.41626761,373.7014085,'2022-02-16 01:20:16'),(557,'66666666','PF_0002305_01','2021-05-02 00:00:00',33,5588.008571,16.87863095,84.20386905,356.8328571,'2022-02-16 01:20:16'),(558,'66666666','PF_0002305_01','2021-05-09 00:00:00',34,4397.641667,17.40113043,84.71365217,356.9275652,'2022-02-16 01:20:16'),(559,'66666666','PF_0002305_01','2021-05-16 00:00:00',35,4097.528571,21.18392857,86.91029762,358.1121429,'2022-02-16 01:20:16'),(560,'66666666','PF_0002305_01','2021-05-23 00:00:00',36,4551.158571,19.5927381,88.58946429,353.5466071,'2022-02-16 01:20:16'),(561,'66666666','PF_0002305_01','2021-05-30 00:00:00',37,5700.604286,19.6485119,88.13125,341.1503571,'2022-02-16 01:20:16'),(562,'66666666','PF_0002305_01','2021-02-07 00:00:00',21,2791.305714,10.09369048,98.00083333,406.5077381,'2022-02-16 01:21:26'),(563,'66666666','PF_0002305_01','2021-02-14 00:00:00',22,3343.388571,10.9964881,98.23386905,414.4392262,'2022-02-16 01:21:26'),(564,'66666666','PF_0002305_01','2021-02-21 00:00:00',23,3391.5,10.18690476,93.30035714,362.5642857,'2022-02-16 01:21:26'),(565,'66666666','PF_0002305_01','2021-02-28 00:00:00',24,2684.652857,11.82011905,84.38970238,358.8239286,'2022-02-16 01:21:26'),(566,'66666666','PF_0002305_01','2021-03-07 00:00:00',25,2936.182857,13.0827381,88.26583333,341.9530952,'2022-02-16 01:21:26'),(567,'66666666','PF_0002305_01','2021-03-14 00:00:00',26,4025.12,13.47754601,90.81134969,376.2632515,'2022-02-16 01:21:26'),(568,'66666666','PF_0002305_01','2021-03-21 00:00:00',27,4250.274286,13.88678571,94.53494048,369.1823214,'2022-02-16 01:21:26'),(569,'66666666','PF_0002305_01','2021-03-28 00:00:00',28,4162.295714,14.13040268,82.98181208,374.6681208,'2022-02-16 01:21:26'),(570,'66666666','PF_0002305_01','2021-04-04 00:00:00',29,3247.795714,16.21738095,81.6375,349.9879762,'2022-02-16 01:21:26'),(571,'66666666','PF_0002305_01','2021-04-11 00:00:00',30,6018.765714,15.00803571,80.89922619,372.4534524,'2022-02-16 01:21:26'),(572,'66666666','PF_0002305_01','2021-04-18 00:00:00',31,5535.34,14.20328767,82.9169863,356.7463014,'2022-02-16 01:21:26'),(573,'66666666','PF_0002305_01','2021-04-25 00:00:00',32,4492.227143,17.39422535,79.41626761,373.7014085,'2022-02-16 01:21:26'),(574,'66666666','PF_0002305_01','2021-05-02 00:00:00',33,5588.008571,16.87863095,84.20386905,356.8328571,'2022-02-16 01:21:26'),(575,'66666666','PF_0002305_01','2021-05-09 00:00:00',34,4397.641667,17.40113043,84.71365217,356.9275652,'2022-02-16 01:21:26'),(576,'66666666','PF_0002305_01','2021-05-16 00:00:00',35,4097.528571,21.18392857,86.91029762,358.1121429,'2022-02-16 01:21:26'),(577,'66666666','PF_0002305_01','2021-05-23 00:00:00',36,4551.158571,19.5927381,88.58946429,353.5466071,'2022-02-16 01:21:26'),(578,'66666666','PF_0002305_01','2021-05-30 00:00:00',37,5700.604286,19.6485119,88.13125,341.1503571,'2022-02-16 01:21:26'),(579,'77777777','PF_0002305_01','2021-02-07 00:00:00',21,2791.305714,10.09369048,98.00083333,406.5077381,'2022-02-16 01:22:03'),(580,'77777777','PF_0002305_01','2021-02-14 00:00:00',22,3343.388571,10.9964881,98.23386905,414.4392262,'2022-02-16 01:22:03'),(581,'77777777','PF_0002305_01','2021-02-21 00:00:00',23,3391.5,10.18690476,93.30035714,362.5642857,'2022-02-16 01:22:03'),(582,'77777777','PF_0002305_01','2021-02-28 00:00:00',24,2684.652857,11.82011905,84.38970238,358.8239286,'2022-02-16 01:22:03'),(583,'77777777','PF_0002305_01','2021-03-07 00:00:00',25,2936.182857,13.0827381,88.26583333,341.9530952,'2022-02-16 01:22:03'),(584,'77777777','PF_0002305_01','2021-03-14 00:00:00',26,4025.12,13.47754601,90.81134969,376.2632515,'2022-02-16 01:22:03'),(585,'77777777','PF_0002305_01','2021-03-21 00:00:00',27,4250.274286,13.88678571,94.53494048,369.1823214,'2022-02-16 01:22:03'),(586,'77777777','PF_0002305_01','2021-03-28 00:00:00',28,4162.295714,14.13040268,82.98181208,374.6681208,'2022-02-16 01:22:03'),(587,'77777777','PF_0002305_01','2021-04-04 00:00:00',29,3247.795714,16.21738095,81.6375,349.9879762,'2022-02-16 01:22:03'),(588,'77777777','PF_0002305_01','2021-04-11 00:00:00',30,6018.765714,15.00803571,80.89922619,372.4534524,'2022-02-16 01:22:03'),(589,'77777777','PF_0002305_01','2021-04-18 00:00:00',31,5535.34,14.20328767,82.9169863,356.7463014,'2022-02-16 01:22:03'),(590,'77777777','PF_0002305_01','2021-04-25 00:00:00',32,4492.227143,17.39422535,79.41626761,373.7014085,'2022-02-16 01:22:03'),(591,'77777777','PF_0002305_01','2021-05-02 00:00:00',33,5588.008571,16.87863095,84.20386905,356.8328571,'2022-02-16 01:22:03'),(592,'77777777','PF_0002305_01','2021-05-09 00:00:00',34,4397.641667,17.40113043,84.71365217,356.9275652,'2022-02-16 01:22:03'),(593,'77777777','PF_0002305_01','2021-05-16 00:00:00',35,4097.528571,21.18392857,86.91029762,358.1121429,'2022-02-16 01:22:03'),(594,'77777777','PF_0002305_01','2021-05-23 00:00:00',36,4551.158571,19.5927381,88.58946429,353.5466071,'2022-02-16 01:22:03'),(595,'77777777','PF_0002305_01','2021-05-30 00:00:00',37,5700.604286,19.6485119,88.13125,341.1503571,'2022-02-16 01:22:03'),(596,'66666666','PF_0002305_01','2021-02-07 00:00:00',21,2791.305714,10.09369048,98.00083333,406.5077381,'2022-02-16 01:23:58'),(597,'66666666','PF_0002305_01','2021-02-14 00:00:00',22,3343.388571,10.9964881,98.23386905,414.4392262,'2022-02-16 01:23:58'),(598,'66666666','PF_0002305_01','2021-02-21 00:00:00',23,3391.5,10.18690476,93.30035714,362.5642857,'2022-02-16 01:23:58'),(599,'66666666','PF_0002305_01','2021-02-28 00:00:00',24,2684.652857,11.82011905,84.38970238,358.8239286,'2022-02-16 01:23:58'),(600,'66666666','PF_0002305_01','2021-03-07 00:00:00',25,2936.182857,13.0827381,88.26583333,341.9530952,'2022-02-16 01:23:58'),(601,'66666666','PF_0002305_01','2021-03-14 00:00:00',26,4025.12,13.47754601,90.81134969,376.2632515,'2022-02-16 01:23:58'),(602,'66666666','PF_0002305_01','2021-03-21 00:00:00',27,4250.274286,13.88678571,94.53494048,369.1823214,'2022-02-16 01:23:58'),(603,'66666666','PF_0002305_01','2021-03-28 00:00:00',28,4162.295714,14.13040268,82.98181208,374.6681208,'2022-02-16 01:23:58'),(604,'66666666','PF_0002305_01','2021-04-04 00:00:00',29,3247.795714,16.21738095,81.6375,349.9879762,'2022-02-16 01:23:58'),(605,'66666666','PF_0002305_01','2021-04-11 00:00:00',30,6018.765714,15.00803571,80.89922619,372.4534524,'2022-02-16 01:23:58'),(606,'66666666','PF_0002305_01','2021-04-18 00:00:00',31,5535.34,14.20328767,82.9169863,356.7463014,'2022-02-16 01:23:58'),(607,'66666666','PF_0002305_01','2021-04-25 00:00:00',32,4492.227143,17.39422535,79.41626761,373.7014085,'2022-02-16 01:23:58'),(608,'66666666','PF_0002305_01','2021-05-02 00:00:00',33,5588.008571,16.87863095,84.20386905,356.8328571,'2022-02-16 01:23:58'),(609,'66666666','PF_0002305_01','2021-05-09 00:00:00',34,4397.641667,17.40113043,84.71365217,356.9275652,'2022-02-16 01:23:58'),(610,'66666666','PF_0002305_01','2021-05-16 00:00:00',35,4097.528571,21.18392857,86.91029762,358.1121429,'2022-02-16 01:23:58'),(611,'66666666','PF_0002305_01','2021-05-23 00:00:00',36,4551.158571,19.5927381,88.58946429,353.5466071,'2022-02-16 01:23:58'),(612,'66666666','PF_0002305_01','2021-05-30 00:00:00',37,5700.604286,19.6485119,88.13125,341.1503571,'2022-02-16 01:23:58'),(613,'11111111','PF_0002305_01','2021-02-07 00:00:00',21,2791.305714,10.09369048,98.00083333,406.5077381,'2022-02-16 03:09:31'),(614,'11111111','PF_0002305_01','2021-02-14 00:00:00',22,3343.388571,10.9964881,98.23386905,414.4392262,'2022-02-16 03:09:31'),(615,'11111111','PF_0002305_01','2021-02-21 00:00:00',23,3391.5,10.18690476,93.30035714,362.5642857,'2022-02-16 03:09:31'),(616,'11111111','PF_0002305_01','2021-02-28 00:00:00',24,2684.652857,11.82011905,84.38970238,358.8239286,'2022-02-16 03:09:31'),(617,'11111111','PF_0002305_01','2021-03-07 00:00:00',25,2936.182857,13.0827381,88.26583333,341.9530952,'2022-02-16 03:09:31'),(618,'11111111','PF_0002305_01','2021-03-14 00:00:00',26,4025.12,13.47754601,90.81134969,376.2632515,'2022-02-16 03:09:31'),(619,'11111111','PF_0002305_01','2021-03-21 00:00:00',27,4250.274286,13.88678571,94.53494048,369.1823214,'2022-02-16 03:09:31'),(620,'11111111','PF_0002305_01','2021-03-28 00:00:00',28,4162.295714,14.13040268,82.98181208,374.6681208,'2022-02-16 03:09:31'),(621,'11111111','PF_0002305_01','2021-04-04 00:00:00',29,3247.795714,16.21738095,81.6375,349.9879762,'2022-02-16 03:09:31'),(622,'11111111','PF_0002305_01','2021-04-11 00:00:00',30,6018.765714,15.00803571,80.89922619,372.4534524,'2022-02-16 03:09:31'),(623,'11111111','PF_0002305_01','2021-04-18 00:00:00',31,5535.34,14.20328767,82.9169863,356.7463014,'2022-02-16 03:09:31'),(624,'11111111','PF_0002305_01','2021-04-25 00:00:00',32,4492.227143,17.39422535,79.41626761,373.7014085,'2022-02-16 03:09:31'),(625,'11111111','PF_0002305_01','2021-05-02 00:00:00',33,5588.008571,16.87863095,84.20386905,356.8328571,'2022-02-16 03:09:31'),(626,'11111111','PF_0002305_01','2021-05-09 00:00:00',34,4397.641667,17.40113043,84.71365217,356.9275652,'2022-02-16 03:09:31'),(627,'11111111','PF_0002305_01','2021-05-16 00:00:00',35,4097.528571,21.18392857,86.91029762,358.1121429,'2022-02-16 03:09:31'),(628,'11111111','PF_0002305_01','2021-05-23 00:00:00',36,4551.158571,19.5927381,88.58946429,353.5466071,'2022-02-16 03:09:31'),(629,'11111111','PF_0002305_01','2021-05-30 00:00:00',37,5700.604286,19.6485119,88.13125,341.1503571,'2022-02-16 03:09:31'),(630,'22222222','PF_0002305_01','2021-02-07 00:00:00',21,2791.305714,10.09369048,98.00083333,406.5077381,'2022-02-16 03:19:51'),(631,'22222222','PF_0002305_01','2021-02-14 00:00:00',22,3343.388571,10.9964881,98.23386905,414.4392262,'2022-02-16 03:19:51'),(632,'22222222','PF_0002305_01','2021-02-21 00:00:00',23,3391.5,10.18690476,93.30035714,362.5642857,'2022-02-16 03:19:51'),(633,'22222222','PF_0002305_01','2021-02-28 00:00:00',24,2684.652857,11.82011905,84.38970238,358.8239286,'2022-02-16 03:19:51'),(634,'22222222','PF_0002305_01','2021-03-07 00:00:00',25,2936.182857,13.0827381,88.26583333,341.9530952,'2022-02-16 03:19:51'),(635,'22222222','PF_0002305_01','2021-03-14 00:00:00',26,4025.12,13.47754601,90.81134969,376.2632515,'2022-02-16 03:19:51'),(636,'22222222','PF_0002305_01','2021-03-21 00:00:00',27,4250.274286,13.88678571,94.53494048,369.1823214,'2022-02-16 03:19:51'),(637,'22222222','PF_0002305_01','2021-03-28 00:00:00',28,4162.295714,14.13040268,82.98181208,374.6681208,'2022-02-16 03:19:51'),(638,'22222222','PF_0002305_01','2021-04-04 00:00:00',29,3247.795714,16.21738095,81.6375,349.9879762,'2022-02-16 03:19:51'),(639,'22222222','PF_0002305_01','2021-04-11 00:00:00',30,6018.765714,15.00803571,80.89922619,372.4534524,'2022-02-16 03:19:51'),(640,'22222222','PF_0002305_01','2021-04-18 00:00:00',31,5535.34,14.20328767,82.9169863,356.7463014,'2022-02-16 03:19:51'),(641,'22222222','PF_0002305_01','2021-04-25 00:00:00',32,4492.227143,17.39422535,79.41626761,373.7014085,'2022-02-16 03:19:51'),(642,'22222222','PF_0002305_01','2021-05-02 00:00:00',33,5588.008571,16.87863095,84.20386905,356.8328571,'2022-02-16 03:19:51'),(643,'22222222','PF_0002305_01','2021-05-09 00:00:00',34,4397.641667,17.40113043,84.71365217,356.9275652,'2022-02-16 03:19:51'),(644,'22222222','PF_0002305_01','2021-05-16 00:00:00',35,4097.528571,21.18392857,86.91029762,358.1121429,'2022-02-16 03:19:51'),(645,'22222222','PF_0002305_01','2021-05-23 00:00:00',36,4551.158571,19.5927381,88.58946429,353.5466071,'2022-02-16 03:19:51'),(646,'22222222','PF_0002305_01','2021-05-30 00:00:00',37,5700.604286,19.6485119,88.13125,341.1503571,'2022-02-16 03:19:51'),(647,'66666666','PF_0002305_01','2021-02-07 00:00:00',21,2791.305714,10.09369048,98.00083333,406.5077381,'2022-02-16 05:38:05'),(648,'66666666','PF_0002305_01','2021-02-14 00:00:00',22,3343.388571,10.9964881,98.23386905,414.4392262,'2022-02-16 05:38:05'),(649,'66666666','PF_0002305_01','2021-02-21 00:00:00',23,3391.5,10.18690476,93.30035714,362.5642857,'2022-02-16 05:38:05'),(650,'66666666','PF_0002305_01','2021-02-28 00:00:00',24,2684.652857,11.82011905,84.38970238,358.8239286,'2022-02-16 05:38:05'),(651,'66666666','PF_0002305_01','2021-03-07 00:00:00',25,2936.182857,13.0827381,88.26583333,341.9530952,'2022-02-16 05:38:05'),(652,'66666666','PF_0002305_01','2021-03-14 00:00:00',26,4025.12,13.47754601,90.81134969,376.2632515,'2022-02-16 05:38:05'),(653,'66666666','PF_0002305_01','2021-03-21 00:00:00',27,4250.274286,13.88678571,94.53494048,369.1823214,'2022-02-16 05:38:05'),(654,'66666666','PF_0002305_01','2021-03-28 00:00:00',28,4162.295714,14.13040268,82.98181208,374.6681208,'2022-02-16 05:38:05'),(655,'66666666','PF_0002305_01','2021-04-04 00:00:00',29,3247.795714,16.21738095,81.6375,349.9879762,'2022-02-16 05:38:05'),(656,'66666666','PF_0002305_01','2021-04-11 00:00:00',30,6018.765714,15.00803571,80.89922619,372.4534524,'2022-02-16 05:38:05'),(657,'66666666','PF_0002305_01','2021-04-18 00:00:00',31,5535.34,14.20328767,82.9169863,356.7463014,'2022-02-16 05:38:05'),(658,'66666666','PF_0002305_01','2021-04-25 00:00:00',32,4492.227143,17.39422535,79.41626761,373.7014085,'2022-02-16 05:38:05'),(659,'66666666','PF_0002305_01','2021-05-02 00:00:00',33,5588.008571,16.87863095,84.20386905,356.8328571,'2022-02-16 05:38:05'),(660,'66666666','PF_0002305_01','2021-05-09 00:00:00',34,4397.641667,17.40113043,84.71365217,356.9275652,'2022-02-16 05:38:05'),(661,'66666666','PF_0002305_01','2021-05-16 00:00:00',35,4097.528571,21.18392857,86.91029762,358.1121429,'2022-02-16 05:38:05'),(662,'66666666','PF_0002305_01','2021-05-23 00:00:00',36,4551.158571,19.5927381,88.58946429,353.5466071,'2022-02-16 05:38:05'),(663,'66666666','PF_0002305_01','2021-05-30 00:00:00',37,5700.604286,19.6485119,88.13125,341.1503571,'2022-02-16 05:38:05');
/*!40000 ALTER TABLE `environment` ENABLE KEYS */;
UNLOCK TABLES;

--
-- Table structure for table `growth`
--

DROP TABLE IF EXISTS `growth`;
/*!40101 SET @saved_cs_client     = @@character_set_client */;
/*!50503 SET character_set_client = utf8mb4 */;
CREATE TABLE `growth` (
  `growth_index` int NOT NULL AUTO_INCREMENT,
  `user_number` varchar(10) NOT NULL,
  `input_time` datetime NOT NULL,
  `chojang` double NOT NULL,
  `max_yeopjang` double NOT NULL,
  `yeaoppok` double NOT NULL,
  `yeopbyeongjang` double NOT NULL,
  `yeopsu` double NOT NULL,
  `stem_thick` double NOT NULL,
  `fruit` double NOT NULL,
  PRIMARY KEY (`growth_index`),
  KEY `user_number_idx` (`user_number`),
  CONSTRAINT `user_number` FOREIGN KEY (`user_number`) REFERENCES `str_user` (`user_id`)
) ENGINE=InnoDB AUTO_INCREMENT=80 DEFAULT CHARSET=utf8mb4 COLLATE=utf8mb4_0900_ai_ci;
/*!40101 SET character_set_client = @saved_cs_client */;

--
-- Dumping data for table `growth`
--

LOCK TABLES `growth` WRITE;
/*!40000 ALTER TABLE `growth` DISABLE KEYS */;
INSERT INTO `growth` VALUES (1,'11111111','2022-02-10 15:00:00',5,8,2,6,8,4,3),(2,'11111111','2022-02-10 15:00:00',6,5,7,5,6,8,3),(3,'22222222','2022-02-14 15:00:00',9,9,8,9,5,5,9),(4,'22222222','2022-02-14 15:00:00',5,9,4,9,7,3,8),(5,'33333333','2022-02-14 15:00:00',6,9,8,3,8,1,8),(6,'33333333','2022-02-14 15:00:00',9,8,8,9,8,8,9),(28,'11111111','2022-02-15 06:52:42',5,5,8,3,5,8,6),(29,'11111111','2022-02-15 06:52:42',8,5,8,6,8,3,5),(30,'22222222','2022-02-14 21:58:53',6,8,3,8,4,3,8),(31,'22222222','2022-02-14 21:58:53',3,8,3,5,8,6,3),(32,'33333333','2022-02-15 07:10:22',6,9,9,3,9,9,6),(33,'33333333','2022-02-15 07:10:22',8,3,5,3,6,3,6),(34,'22222222','2022-02-15 07:21:23',6,8,3,8,6,8,8),(35,'22222222','2022-02-15 07:21:23',8,8,8,2,8,8,8),(36,'33333333','2022-02-15 07:30:05',5,6,8,6,9,8,4),(37,'33333333','2022-02-15 07:30:05',8,9,8,6,8,3,8),(38,'11111111','2022-02-15 07:56:27',6,8,6,8,6,8,6),(39,'11111111','2022-02-15 07:56:27',8,6,8,6,8,6,8),(40,'11111111','2022-02-15 07:58:47',5,8,2,8,2,8,6),(41,'11111111','2022-02-15 07:58:47',8,6,5,6,8,4,6),(42,'22222222','2022-02-15 08:17:51',5,5,5,5,5,5,5),(43,'22222222','2022-02-15 08:17:51',5,5,5,5,5,5,5),(44,'33333333','2022-02-15 08:18:47',5,5,5,5,5,6,6),(45,'33333333','2022-02-15 08:18:47',9,6,9,9,9,9,6),(46,'44444444','2022-02-15 08:19:41',6,6,6,6,6,6,6),(47,'44444444','2022-02-15 08:19:41',6,6,6,6,6,6,6),(48,'44444444','2022-02-15 08:21:50',5,5,5,5,5,5,5),(49,'44444444','2022-02-15 08:21:50',5,5,5,5,5,5,5),(50,'44444444','2022-02-15 08:26:44',6,6,6,6,6,6,6),(51,'44444444','2022-02-15 08:26:44',6,9,9,3,5,9,6),(52,'33333333','2022-02-15 08:30:40',6,8,6,8,6,8,6),(53,'33333333','2022-02-15 08:30:40',8,6,8,8,6,6,8),(54,'33333333','2022-02-15 08:32:54',6,8,6,8,6,8,6),(55,'33333333','2022-02-15 08:32:54',8,6,8,6,8,6,8),(56,'44444444','2022-02-15 08:41:42',6,9,6,6,8,6,8),(57,'44444444','2022-02-15 08:41:42',6,8,6,8,6,8,6),(58,'44444444','2022-02-16 00:55:22',6,8,6,8,6,8,6),(59,'44444444','2022-02-16 00:55:22',8,6,8,6,8,6,8),(60,'44444444','2022-02-16 00:55:22',6,8,6,8,6,8,6),(61,'44444444','2022-02-16 00:55:22',8,6,8,6,8,6,8),(62,'55555555','2022-02-16 01:11:05',4,5,8,8,8,6,8),(63,'55555555','2022-02-16 01:11:05',8,6,8,6,2,8,2),(64,'55555555','2022-02-16 01:18:42',5,5,8,8,8,8,8),(65,'55555555','2022-02-16 01:18:42',8,1,8,8,8,8,8),(66,'66666666','2022-02-16 01:20:16',8,8,8,8,8,8,8),(67,'66666666','2022-02-16 01:20:16',8,8,8,8,8,8,8),(68,'66666666','2022-02-16 01:21:26',8,8,8,8,8,8,8),(69,'66666666','2022-02-16 01:21:26',8,8,8,8,8,8,8),(70,'77777777','2022-02-16 01:22:03',9,9,9,9,9,9,9),(71,'77777777','2022-02-16 01:22:03',9,9,9,9,9,9,9),(72,'66666666','2022-02-16 01:23:58',5,8,8,5,9,9,9),(73,'66666666','2022-02-16 01:23:58',9,9,9,5,9,8,8),(74,'11111111','2022-02-16 03:09:31',6,6,5,8,6,8,8),(75,'11111111','2022-02-16 03:09:31',8,6,5,5,8,6,8),(76,'22222222','2022-02-16 03:19:51',6,8,6,8,6,8,6),(77,'22222222','2022-02-16 03:19:51',8,6,8,6,8,6,8),(78,'66666666','2022-02-16 05:38:05',6,6,6,8,8,6,5),(79,'66666666','2022-02-16 05:38:05',8,5,5,5,5,5,5);
/*!40000 ALTER TABLE `growth` ENABLE KEYS */;
UNLOCK TABLES;

--
-- Table structure for table `predict_result`
--

DROP TABLE IF EXISTS `predict_result`;
/*!40101 SET @saved_cs_client     = @@character_set_client */;
/*!50503 SET character_set_client = utf8mb4 */;
CREATE TABLE `predict_result` (
  `pred_index` int NOT NULL AUTO_INCREMENT,
  `user_code` varchar(10) NOT NULL,
  `lstm_result` double NOT NULL,
  `predict_date` datetime NOT NULL,
  PRIMARY KEY (`pred_index`),
  KEY `user_code_idx` (`user_code`),
  CONSTRAINT `user_code` FOREIGN KEY (`user_code`) REFERENCES `str_user` (`user_id`)
) ENGINE=InnoDB AUTO_INCREMENT=4 DEFAULT CHARSET=utf8mb4 COLLATE=utf8mb4_0900_ai_ci;
/*!40101 SET character_set_client = @saved_cs_client */;

--
-- Dumping data for table `predict_result`
--

LOCK TABLES `predict_result` WRITE;
/*!40000 ALTER TABLE `predict_result` DISABLE KEYS */;
INSERT INTO `predict_result` VALUES (1,'11111111',9.399999618530273,'2022-02-23 03:09:31'),(2,'22222222',8.859999656677246,'2022-02-23 03:19:51'),(3,'66666666',5.570000171661377,'2022-02-23 05:38:05');
/*!40000 ALTER TABLE `predict_result` ENABLE KEYS */;
UNLOCK TABLES;

--
-- Table structure for table `str_user`
--

DROP TABLE IF EXISTS `str_user`;
/*!40101 SET @saved_cs_client     = @@character_set_client */;
/*!50503 SET character_set_client = utf8mb4 */;
CREATE TABLE `str_user` (
  `user_id` varchar(10) NOT NULL,
  PRIMARY KEY (`user_id`),
  UNIQUE KEY `user_id_UNIQUE` (`user_id`)
) ENGINE=InnoDB DEFAULT CHARSET=utf8mb4 COLLATE=utf8mb4_0900_ai_ci;
/*!40101 SET character_set_client = @saved_cs_client */;

--
-- Dumping data for table `str_user`
--

LOCK TABLES `str_user` WRITE;
/*!40000 ALTER TABLE `str_user` DISABLE KEYS */;
INSERT INTO `str_user` VALUES ('11111111'),('12121313'),('12345678'),('12364646'),('14896785'),('22222222'),('24964863'),('27526652'),('33333333'),('44444444'),('48621489'),('55555555'),('66666666'),('77777777'),('95286663');
/*!40000 ALTER TABLE `str_user` ENABLE KEYS */;
UNLOCK TABLES;
/*!40103 SET TIME_ZONE=@OLD_TIME_ZONE */;

/*!40101 SET SQL_MODE=@OLD_SQL_MODE */;
/*!40014 SET FOREIGN_KEY_CHECKS=@OLD_FOREIGN_KEY_CHECKS */;
/*!40014 SET UNIQUE_CHECKS=@OLD_UNIQUE_CHECKS */;
/*!40101 SET CHARACTER_SET_CLIENT=@OLD_CHARACTER_SET_CLIENT */;
/*!40101 SET CHARACTER_SET_RESULTS=@OLD_CHARACTER_SET_RESULTS */;
/*!40101 SET COLLATION_CONNECTION=@OLD_COLLATION_CONNECTION */;
/*!40111 SET SQL_NOTES=@OLD_SQL_NOTES */;

-- Dump completed on 2022-02-17 14:12:34
